DATE,CODE,RAW DATE,DAY,MONTH,YEAR,VALUE (R$)
1990-01-01,BM12_PIB12,1990-01-01T00:00:00-02:00,1,1,1990,0.2
1990-02-01,BM12_PIB12,1990-02-01T00:00:00-02:00,1,2,1990,0.4
1990-03-01,BM12_PIB12,1990-03-01T00:00:00-03:00,1,3,1990,0.8
1990-04-01,BM12_PIB12,1990-04-01T00:00:00-03:00,1,4,1990,0.7
1990-05-01,BM12_PIB12,1990-05-01T00:00:00-03:00,1,5,1990,0.8
1990-06-01,BM12_PIB12,1990-06-01T00:00:00-03:00,1,6,1990,0.8
1990-07-01,BM12_PIB12,1990-07-01T00:00:00-03:00,1,7,1990,0.9
1990-08-01,BM12_PIB12,1990-08-01T00:00:00-03:00,1,8,1990,1.0
1990-09-01,BM12_PIB12,1990-09-01T00:00:00-03:00,1,9,1990,1.1
1990-10-01,BM12_PIB12,1990-10-01T00:00:00-03:00,1,10,1990,1.4
1990-11-01,BM12_PIB12,1990-11-01T00:00:00-03:00,1,11,1990,1.7
1990-12-01,BM12_PIB12,1990-12-01T00:00:00-02:00,1,12,1990,1.8
1991-01-01,BM12_PIB12,1991-01-01T00:00:00-02:00,1,1,1991,2.1
1991-02-01,BM12_PIB12,1991-02-01T00:00:00-02:00,1,2,1991,2.4
1991-03-01,BM12_PIB12,1991-03-01T00:00:00-03:00,1,3,1991,2.5
1991-04-01,BM12_PIB12,1991-04-01T00:00:00-03:00,1,4,1991,3.1
1991-05-01,BM12_PIB12,1991-05-01T00:00:00-03:00,1,5,1991,3.6
1991-06-01,BM12_PIB12,1991-06-01T00:00:00-03:00,1,6,1991,4.1
1991-07-01,BM12_PIB12,1991-07-01T00:00:00-03:00,1,7,1991,4.6
1991-08-01,BM12_PIB12,1991-08-01T00:00:00-03:00,1,8,1991,5.3
1991-09-01,BM12_PIB12,1991-09-01T00:00:00-03:00,1,9,1991,5.6
1991-10-01,BM12_PIB12,1991-10-01T00:00:00-03:00,1,10,1991,7.5
1991-11-01,BM12_PIB12,1991-11-01T00:00:00-03:00,1,11,1991,9.2
1991-12-01,BM12_PIB12,1991-12-01T00:00:00-02:00,1,12,1991,10.5
1992-01-01,BM12_PIB12,1992-01-01T00:00:00-02:00,1,1,1992,13.1
1992-02-01,BM12_PIB12,1992-02-01T00:00:00-02:00,1,2,1992,16.3
1992-03-01,BM12_PIB12,1992-03-01T00:00:00-03:00,1,3,1992,19.6
1992-04-01,BM12_PIB12,1992-04-01T00:00:00-03:00,1,4,1992,23.6
1992-05-01,BM12_PIB12,1992-05-01T00:00:00-03:00,1,5,1992,30.1
1992-06-01,BM12_PIB12,1992-06-01T00:00:00-03:00,1,6,1992,37.5
1992-07-01,BM12_PIB12,1992-07-01T00:00:00-03:00,1,7,1992,46.1
1992-08-01,BM12_PIB12,1992-08-01T00:00:00-03:00,1,8,1992,56.7
1992-09-01,BM12_PIB12,1992-09-01T00:00:00-03:00,1,9,1992,70.8
1992-10-01,BM12_PIB12,1992-10-01T00:00:00-03:00,1,10,1992,89.0
1992-11-01,BM12_PIB12,1992-11-01T00:00:00-03:00,1,11,1992,110.4
1992-12-01,BM12_PIB12,1992-12-01T00:00:00-02:00,1,12,1992,127.7
1993-01-01,BM12_PIB12,1993-01-01T00:00:00-02:00,1,1,1993,164.0
1993-02-01,BM12_PIB12,1993-02-01T00:00:00-02:00,1,2,1993,206.9
1993-03-01,BM12_PIB12,1993-03-01T00:00:00-03:00,1,3,1993,294.6
1993-04-01,BM12_PIB12,1993-04-01T00:00:00-03:00,1,4,1993,368.1
1993-05-01,BM12_PIB12,1993-05-01T00:00:00-03:00,1,5,1993,481.6
1993-06-01,BM12_PIB12,1993-06-01T00:00:00-03:00,1,6,1993,613.5
1993-07-01,BM12_PIB12,1993-07-01T00:00:00-03:00,1,7,1993,841.4
1993-08-01,BM12_PIB12,1993-08-01T00:00:00-03:00,1,8,1993,1149.5
1993-09-01,BM12_PIB12,1993-09-01T00:00:00-03:00,1,9,1993,1578.4
1993-10-01,BM12_PIB12,1993-10-01T00:00:00-03:00,1,10,1993,2071.3
1993-11-01,BM12_PIB12,1993-11-01T00:00:00-03:00,1,11,1993,2792.8
1993-12-01,BM12_PIB12,1993-12-01T00:00:00-02:00,1,12,1993,3534.9
1994-01-01,BM12_PIB12,1994-01-01T00:00:00-02:00,1,1,1994,4562.8
1994-02-01,BM12_PIB12,1994-02-01T00:00:00-02:00,1,2,1994,5793.0
1994-03-01,BM12_PIB12,1994-03-01T00:00:00-03:00,1,3,1994,8520.4
1994-04-01,BM12_PIB12,1994-04-01T00:00:00-03:00,1,4,1994,12828.8
1994-05-01,BM12_PIB12,1994-05-01T00:00:00-03:00,1,5,1994,20504.2
1994-06-01,BM12_PIB12,1994-06-01T00:00:00-03:00,1,6,1994,33126.6
1994-07-01,BM12_PIB12,1994-07-01T00:00:00-03:00,1,7,1994,40788.0
1994-08-01,BM12_PIB12,1994-08-01T00:00:00-03:00,1,8,1994,43873.4
1994-09-01,BM12_PIB12,1994-09-01T00:00:00-03:00,1,9,1994,43836.2
1994-10-01,BM12_PIB12,1994-10-01T00:00:00-03:00,1,10,1994,45234.9
1994-11-01,BM12_PIB12,1994-11-01T00:00:00-03:00,1,11,1994,45926.2
1994-12-01,BM12_PIB12,1994-12-01T00:00:00-02:00,1,12,1994,44210.2
1995-01-01,BM12_PIB12,1995-01-01T00:00:00-02:00,1,1,1995,47028.6
1995-02-01,BM12_PIB12,1995-02-01T00:00:00-02:00,1,2,1995,49954.5
1995-03-01,BM12_PIB12,1995-03-01T00:00:00-03:00,1,3,1995,60024.3
1995-04-01,BM12_PIB12,1995-04-01T00:00:00-03:00,1,4,1995,57789.5
1995-05-01,BM12_PIB12,1995-05-01T00:00:00-03:00,1,5,1995,56350.5
1995-06-01,BM12_PIB12,1995-06-01T00:00:00-03:00,1,6,1995,56726.2
1995-07-01,BM12_PIB12,1995-07-01T00:00:00-03:00,1,7,1995,58788.1
1995-08-01,BM12_PIB12,1995-08-01T00:00:00-03:00,1,8,1995,60950.3
1995-09-01,BM12_PIB12,1995-09-01T00:00:00-03:00,1,9,1995,60610.8
1995-10-01,BM12_PIB12,1995-10-01T00:00:00-03:00,1,10,1995,63428.1
1995-11-01,BM12_PIB12,1995-11-01T00:00:00-03:00,1,11,1995,67762.9
1995-12-01,BM12_PIB12,1995-12-01T00:00:00-02:00,1,12,1995,66577.7
1996-01-01,BM12_PIB12,1996-01-01T00:00:00-02:00,1,1,1996,64133.3
1996-02-01,BM12_PIB12,1996-02-01T00:00:00-02:00,1,2,1996,62202.2
1996-03-01,BM12_PIB12,1996-03-01T00:00:00-03:00,1,3,1996,62987.8
1996-04-01,BM12_PIB12,1996-04-01T00:00:00-03:00,1,4,1996,64019.1
1996-05-01,BM12_PIB12,1996-05-01T00:00:00-03:00,1,5,1996,69488.7
1996-06-01,BM12_PIB12,1996-06-01T00:00:00-03:00,1,6,1996,71103.0
1996-07-01,BM12_PIB12,1996-07-01T00:00:00-03:00,1,7,1996,74969.9
1996-08-01,BM12_PIB12,1996-08-01T00:00:00-03:00,1,8,1996,74798.8
1996-09-01,BM12_PIB12,1996-09-01T00:00:00-03:00,1,9,1996,71744.6
1996-10-01,BM12_PIB12,1996-10-01T00:00:00-03:00,1,10,1996,77200.1
1996-11-01,BM12_PIB12,1996-11-01T00:00:00-03:00,1,11,1996,80449.1
1996-12-01,BM12_PIB12,1996-12-01T00:00:00-02:00,1,12,1996,81667.1
1997-01-01,BM12_PIB12,1997-01-01T00:00:00-02:00,1,1,1997,77582.6
1997-02-01,BM12_PIB12,1997-02-01T00:00:00-02:00,1,2,1997,71072.8
1997-03-01,BM12_PIB12,1997-03-01T00:00:00-03:00,1,3,1997,70461.6
1997-04-01,BM12_PIB12,1997-04-01T00:00:00-03:00,1,4,1997,73576.4
1997-05-01,BM12_PIB12,1997-05-01T00:00:00-03:00,1,5,1997,78110.8
1997-06-01,BM12_PIB12,1997-06-01T00:00:00-03:00,1,6,1997,81202.4
1997-07-01,BM12_PIB12,1997-07-01T00:00:00-03:00,1,7,1997,82058.7
1997-08-01,BM12_PIB12,1997-08-01T00:00:00-03:00,1,8,1997,82132.5
1997-09-01,BM12_PIB12,1997-09-01T00:00:00-03:00,1,9,1997,81987.3
1997-10-01,BM12_PIB12,1997-10-01T00:00:00-03:00,1,10,1997,87297.2
1997-11-01,BM12_PIB12,1997-11-01T00:00:00-03:00,1,11,1997,85390.1
1997-12-01,BM12_PIB12,1997-12-01T00:00:00-02:00,1,12,1997,81216.8
1998-01-01,BM12_PIB12,1998-01-01T00:00:00-02:00,1,1,1998,79363.9
1998-02-01,BM12_PIB12,1998-02-01T00:00:00-02:00,1,2,1998,75828.1
1998-03-01,BM12_PIB12,1998-03-01T00:00:00-03:00,1,3,1998,80508.7
1998-04-01,BM12_PIB12,1998-04-01T00:00:00-03:00,1,4,1998,81166.1
1998-05-01,BM12_PIB12,1998-05-01T00:00:00-03:00,1,5,1998,85207.5
1998-06-01,BM12_PIB12,1998-06-01T00:00:00-03:00,1,6,1998,85562.4
1998-07-01,BM12_PIB12,1998-07-01T00:00:00-03:00,1,7,1998,86938.5
1998-08-01,BM12_PIB12,1998-08-01T00:00:00-03:00,1,8,1998,86371.3
1998-09-01,BM12_PIB12,1998-09-01T00:00:00-03:00,1,9,1998,84733.5
1998-10-01,BM12_PIB12,1998-10-01T00:00:00-03:00,1,10,1998,87302.8
1998-11-01,BM12_PIB12,1998-11-01T00:00:00-03:00,1,11,1998,86316.5
1998-12-01,BM12_PIB12,1998-12-01T00:00:00-02:00,1,12,1998,83051.8
1999-01-01,BM12_PIB12,1999-01-01T00:00:00-02:00,1,1,1999,80936.3
1999-02-01,BM12_PIB12,1999-02-01T00:00:00-02:00,1,2,1999,80929.1
1999-03-01,BM12_PIB12,1999-03-01T00:00:00-03:00,1,3,1999,88802.6
1999-04-01,BM12_PIB12,1999-04-01T00:00:00-03:00,1,4,1999,87739.0
1999-05-01,BM12_PIB12,1999-05-01T00:00:00-03:00,1,5,1999,89223.0
1999-06-01,BM12_PIB12,1999-06-01T00:00:00-03:00,1,6,1999,91746.9
1999-07-01,BM12_PIB12,1999-07-01T00:00:00-03:00,1,7,1999,91230.4
1999-08-01,BM12_PIB12,1999-08-01T00:00:00-03:00,1,8,1999,92283.4
1999-09-01,BM12_PIB12,1999-09-01T00:00:00-03:00,1,9,1999,90611.8
1999-10-01,BM12_PIB12,1999-10-01T00:00:00-03:00,1,10,1999,95872.4
1999-11-01,BM12_PIB12,1999-11-01T00:00:00-03:00,1,11,1999,99563.1
1999-12-01,BM12_PIB12,1999-12-01T00:00:00-02:00,1,12,1999,98772.5
2000-01-01,BM12_PIB12,2000-01-01T00:00:00-02:00,1,1,2000,92576.6
2000-02-01,BM12_PIB12,2000-02-01T00:00:00-02:00,1,2,2000,91770.4
2000-03-01,BM12_PIB12,2000-03-01T00:00:00-03:00,1,3,2000,92579.9
2000-04-01,BM12_PIB12,2000-04-01T00:00:00-03:00,1,4,2000,91376.2
2000-05-01,BM12_PIB12,2000-05-01T00:00:00-03:00,1,5,2000,98727.0
2000-06-01,BM12_PIB12,2000-06-01T00:00:00-03:00,1,6,2000,102685.4
2000-07-01,BM12_PIB12,2000-07-01T00:00:00-03:00,1,7,2000,103410.4
2000-08-01,BM12_PIB12,2000-08-01T00:00:00-03:00,1,8,2000,105177.8
2000-09-01,BM12_PIB12,2000-09-01T00:00:00-03:00,1,9,2000,100307.6
2000-10-01,BM12_PIB12,2000-10-01T00:00:00-03:00,1,10,2000,106951.1
2000-11-01,BM12_PIB12,2000-11-01T00:00:00-03:00,1,11,2000,107678.0
2000-12-01,BM12_PIB12,2000-12-01T00:00:00-02:00,1,12,2000,105851.6
2001-01-01,BM12_PIB12,2001-01-01T00:00:00-02:00,1,1,2001,102530.7
2001-02-01,BM12_PIB12,2001-02-01T00:00:00-02:00,1,2,2001,101635.3
2001-03-01,BM12_PIB12,2001-03-01T00:00:00-03:00,1,3,2001,108303.8
2001-04-01,BM12_PIB12,2001-04-01T00:00:00-03:00,1,4,2001,107572.0
2001-05-01,BM12_PIB12,2001-05-01T00:00:00-03:00,1,5,2001,111202.2
2001-06-01,BM12_PIB12,2001-06-01T00:00:00-03:00,1,6,2001,104949.4
2001-07-01,BM12_PIB12,2001-07-01T00:00:00-03:00,1,7,2001,110758.9
2001-08-01,BM12_PIB12,2001-08-01T00:00:00-03:00,1,8,2001,113064.7
2001-09-01,BM12_PIB12,2001-09-01T00:00:00-03:00,1,9,2001,108700.8
2001-10-01,BM12_PIB12,2001-10-01T00:00:00-03:00,1,10,2001,116139.0
2001-11-01,BM12_PIB12,2001-11-01T00:00:00-03:00,1,11,2001,117882.0
2001-12-01,BM12_PIB12,2001-12-01T00:00:00-02:00,1,12,2001,113016.7
2002-01-01,BM12_PIB12,2002-01-01T00:00:00-02:00,1,1,2002,112374.8
2002-02-01,BM12_PIB12,2002-02-01T00:00:00-02:00,1,2,2002,111477.1
2002-03-01,BM12_PIB12,2002-03-01T00:00:00-03:00,1,3,2002,118444.7
2002-04-01,BM12_PIB12,2002-04-01T00:00:00-03:00,1,4,2002,120385.9
2002-05-01,BM12_PIB12,2002-05-01T00:00:00-03:00,1,5,2002,123552.5
2002-06-01,BM12_PIB12,2002-06-01T00:00:00-03:00,1,6,2002,123424.4
2002-07-01,BM12_PIB12,2002-07-01T00:00:00-03:00,1,7,2002,126856.6
2002-08-01,BM12_PIB12,2002-08-01T00:00:00-03:00,1,8,2002,127800.1
2002-09-01,BM12_PIB12,2002-09-01T00:00:00-03:00,1,9,2002,125137.8
2002-10-01,BM12_PIB12,2002-10-01T00:00:00-03:00,1,10,2002,133125.4
2002-11-01,BM12_PIB12,2002-11-01T00:00:00-03:00,1,11,2002,135966.6
2002-12-01,BM12_PIB12,2002-12-01T00:00:00-02:00,1,12,2002,130241.2
2003-01-01,BM12_PIB12,2003-01-01T00:00:00-02:00,1,1,2003,127177.5
2003-02-01,BM12_PIB12,2003-02-01T00:00:00-02:00,1,2,2003,131373.6
2003-03-01,BM12_PIB12,2003-03-01T00:00:00-03:00,1,3,2003,138690.5
2003-04-01,BM12_PIB12,2003-04-01T00:00:00-03:00,1,4,2003,141388.1
2003-05-01,BM12_PIB12,2003-05-01T00:00:00-03:00,1,5,2003,139605.8
2003-06-01,BM12_PIB12,2003-06-01T00:00:00-03:00,1,6,2003,137993.4
2003-07-01,BM12_PIB12,2003-07-01T00:00:00-03:00,1,7,2003,145970.6
2003-08-01,BM12_PIB12,2003-08-01T00:00:00-03:00,1,8,2003,144819.4
2003-09-01,BM12_PIB12,2003-09-01T00:00:00-03:00,1,9,2003,148559.8
2003-10-01,BM12_PIB12,2003-10-01T00:00:00-03:00,1,10,2003,154925.9
2003-11-01,BM12_PIB12,2003-11-01T00:00:00-03:00,1,11,2003,153644.4
2003-12-01,BM12_PIB12,2003-12-01T00:00:00-02:00,1,12,2003,153801.4
2004-01-01,BM12_PIB12,2004-01-01T00:00:00-02:00,1,1,2004,144558.6
2004-02-01,BM12_PIB12,2004-02-01T00:00:00-02:00,1,2,2004,142861.3
2004-03-01,BM12_PIB12,2004-03-01T00:00:00-03:00,1,3,2004,157363.5
2004-04-01,BM12_PIB12,2004-04-01T00:00:00-03:00,1,4,2004,156953.9
2004-05-01,BM12_PIB12,2004-05-01T00:00:00-03:00,1,5,2004,159498.9
2004-06-01,BM12_PIB12,2004-06-01T00:00:00-03:00,1,6,2004,165342.2
2004-07-01,BM12_PIB12,2004-07-01T00:00:00-03:00,1,7,2004,171370.9
2004-08-01,BM12_PIB12,2004-08-01T00:00:00-03:00,1,8,2004,169178.9
2004-09-01,BM12_PIB12,2004-09-01T00:00:00-03:00,1,9,2004,164702.5
2004-10-01,BM12_PIB12,2004-10-01T00:00:00-03:00,1,10,2004,170536.5
2004-11-01,BM12_PIB12,2004-11-01T00:00:00-03:00,1,11,2004,176921.5
2004-12-01,BM12_PIB12,2004-12-01T00:00:00-02:00,1,12,2004,178462.4
2005-01-01,BM12_PIB12,2005-01-01T00:00:00-02:00,1,1,2005,163540.1
2005-02-01,BM12_PIB12,2005-02-01T00:00:00-02:00,1,2,2005,160701.6
2005-03-01,BM12_PIB12,2005-03-01T00:00:00-03:00,1,3,2005,175468.7
2005-04-01,BM12_PIB12,2005-04-01T00:00:00-03:00,1,4,2005,177179.0
2005-05-01,BM12_PIB12,2005-05-01T00:00:00-03:00,1,5,2005,177496.7
2005-06-01,BM12_PIB12,2005-06-01T00:00:00-03:00,1,6,2005,180881.8
2005-07-01,BM12_PIB12,2005-07-01T00:00:00-03:00,1,7,2005,184073.7
2005-08-01,BM12_PIB12,2005-08-01T00:00:00-03:00,1,8,2005,187246.6
2005-09-01,BM12_PIB12,2005-09-01T00:00:00-03:00,1,9,2005,181538.9
2005-10-01,BM12_PIB12,2005-10-01T00:00:00-03:00,1,10,2005,189183.0
2005-11-01,BM12_PIB12,2005-11-01T00:00:00-02:00,1,11,2005,194794.5
2005-12-01,BM12_PIB12,2005-12-01T00:00:00-02:00,1,12,2005,198480.0
2006-01-01,BM12_PIB12,2006-01-01T00:00:00-02:00,1,1,2006,185564.8
2006-02-01,BM12_PIB12,2006-02-01T00:00:00-02:00,1,2,2006,178482.2
2006-03-01,BM12_PIB12,2006-03-01T00:00:00-03:00,1,3,2006,190223.3
2006-04-01,BM12_PIB12,2006-04-01T00:00:00-03:00,1,4,2006,185030.6
2006-05-01,BM12_PIB12,2006-05-01T00:00:00-03:00,1,5,2006,197874.3
2006-06-01,BM12_PIB12,2006-06-01T00:00:00-03:00,1,6,2006,199071.9
2006-07-01,BM12_PIB12,2006-07-01T00:00:00-03:00,1,7,2006,206974.4
2006-08-01,BM12_PIB12,2006-08-01T00:00:00-03:00,1,8,2006,209818.0
2006-09-01,BM12_PIB12,2006-09-01T00:00:00-03:00,1,9,2006,201055.4
2006-10-01,BM12_PIB12,2006-10-01T00:00:00-03:00,1,10,2006,214271.7
2006-11-01,BM12_PIB12,2006-11-01T00:00:00-03:00,1,11,2006,219724.2
2006-12-01,BM12_PIB12,2006-12-01T00:00:00-02:00,1,12,2006,221359.3
2007-01-01,BM12_PIB12,2007-01-01T00:00:00-02:00,1,1,2007,211130.7
2007-02-01,BM12_PIB12,2007-02-01T00:00:00-02:00,1,2,2007,202704.1
2007-03-01,BM12_PIB12,2007-03-01T00:00:00-03:00,1,3,2007,217588.9
2007-04-01,BM12_PIB12,2007-04-01T00:00:00-03:00,1,4,2007,215128.8
2007-05-01,BM12_PIB12,2007-05-01T00:00:00-03:00,1,5,2007,226537.9
2007-06-01,BM12_PIB12,2007-06-01T00:00:00-03:00,1,6,2007,228988.6
2007-07-01,BM12_PIB12,2007-07-01T00:00:00-03:00,1,7,2007,233824.1
2007-08-01,BM12_PIB12,2007-08-01T00:00:00-03:00,1,8,2007,235019.1
2007-09-01,BM12_PIB12,2007-09-01T00:00:00-03:00,1,9,2007,223002.7
2007-10-01,BM12_PIB12,2007-10-01T00:00:00-03:00,1,10,2007,241939.4
2007-11-01,BM12_PIB12,2007-11-01T00:00:00-02:00,1,11,2007,241938.4
2007-12-01,BM12_PIB12,2007-12-01T00:00:00-02:00,1,12,2007,242460.2
2008-01-01,BM12_PIB12,2008-01-01T00:00:00-02:00,1,1,2008,237247.7
2008-02-01,BM12_PIB12,2008-02-01T00:00:00-02:00,1,2,2008,232680.4
2008-03-01,BM12_PIB12,2008-03-01T00:00:00-03:00,1,3,2008,242124.4
2008-04-01,BM12_PIB12,2008-04-01T00:00:00-03:00,1,4,2008,248793.8
2008-05-01,BM12_PIB12,2008-05-01T00:00:00-03:00,1,5,2008,254936.9
2008-06-01,BM12_PIB12,2008-06-01T00:00:00-03:00,1,6,2008,265791.2
2008-07-01,BM12_PIB12,2008-07-01T00:00:00-03:00,1,7,2008,278095.6
2008-08-01,BM12_PIB12,2008-08-01T00:00:00-03:00,1,8,2008,269235.6
2008-09-01,BM12_PIB12,2008-09-01T00:00:00-03:00,1,9,2008,265271.2
2008-10-01,BM12_PIB12,2008-10-01T00:00:00-03:00,1,10,2008,280522.5
2008-11-01,BM12_PIB12,2008-11-01T00:00:00-02:00,1,11,2008,270698.8
2008-12-01,BM12_PIB12,2008-12-01T00:00:00-02:00,1,12,2008,264404.8
2009-01-01,BM12_PIB12,2009-01-01T00:00:00-02:00,1,1,2009,249934.4
2009-02-01,BM12_PIB12,2009-02-01T00:00:00-02:00,1,2,2009,244024.5
2009-03-01,BM12_PIB12,2009-03-01T00:00:00-03:00,1,3,2009,262181.7
2009-04-01,BM12_PIB12,2009-04-01T00:00:00-03:00,1,4,2009,259563.5
2009-05-01,BM12_PIB12,2009-05-01T00:00:00-03:00,1,5,2009,268324.0
2009-06-01,BM12_PIB12,2009-06-01T00:00:00-03:00,1,6,2009,275701.2
2009-07-01,BM12_PIB12,2009-07-01T00:00:00-03:00,1,7,2009,285444.2
2009-08-01,BM12_PIB12,2009-08-01T00:00:00-03:00,1,8,2009,284240.4
2009-09-01,BM12_PIB12,2009-09-01T00:00:00-03:00,1,9,2009,283157.9
2009-10-01,BM12_PIB12,2009-10-01T00:00:00-03:00,1,10,2009,301895.9
2009-11-01,BM12_PIB12,2009-11-01T00:00:00-02:00,1,11,2009,305048.8
2009-12-01,BM12_PIB12,2009-12-01T00:00:00-02:00,1,12,2009,313522.8
2010-01-01,BM12_PIB12,2010-01-01T00:00:00-02:00,1,1,2010,288972.8
2010-02-01,BM12_PIB12,2010-02-01T00:00:00-02:00,1,2,2010,285723.2
2010-03-01,BM12_PIB12,2010-03-01T00:00:00-03:00,1,3,2010,311651.6
2010-04-01,BM12_PIB12,2010-04-01T00:00:00-03:00,1,4,2010,307083.5
2010-05-01,BM12_PIB12,2010-05-01T00:00:00-03:00,1,5,2010,315988.4
2010-06-01,BM12_PIB12,2010-06-01T00:00:00-03:00,1,6,2010,321023.2
2010-07-01,BM12_PIB12,2010-07-01T00:00:00-03:00,1,7,2010,332454.2
2010-08-01,BM12_PIB12,2010-08-01T00:00:00-03:00,1,8,2010,334225.6
2010-09-01,BM12_PIB12,2010-09-01T00:00:00-03:00,1,9,2010,331255.9
2010-10-01,BM12_PIB12,2010-10-01T00:00:00-03:00,1,10,2010,344963.8
2010-11-01,BM12_PIB12,2010-11-01T00:00:00-02:00,1,11,2010,356707.5
2010-12-01,BM12_PIB12,2010-12-01T00:00:00-02:00,1,12,2010,355797.4
2011-01-01,BM12_PIB12,2011-01-01T00:00:00-02:00,1,1,2011,333255.6
2011-02-01,BM12_PIB12,2011-02-01T00:00:00-02:00,1,2,2011,334982.0
2011-03-01,BM12_PIB12,2011-03-01T00:00:00-03:00,1,3,2011,347879.6
2011-04-01,BM12_PIB12,2011-04-01T00:00:00-03:00,1,4,2011,349049.3
2011-05-01,BM12_PIB12,2011-05-01T00:00:00-03:00,1,5,2011,366256.2
2011-06-01,BM12_PIB12,2011-06-01T00:00:00-03:00,1,6,2011,370951.2
2011-07-01,BM12_PIB12,2011-07-01T00:00:00-03:00,1,7,2011,373143.3
2011-08-01,BM12_PIB12,2011-08-01T00:00:00-03:00,1,8,2011,376769.3
2011-09-01,BM12_PIB12,2011-09-01T00:00:00-03:00,1,9,2011,361724.6
2011-10-01,BM12_PIB12,2011-10-01T00:00:00-03:00,1,10,2011,378491.0
2011-11-01,BM12_PIB12,2011-11-01T00:00:00-02:00,1,11,2011,389560.8
2011-12-01,BM12_PIB12,2011-12-01T00:00:00-02:00,1,12,2011,391595.1
2012-01-01,BM12_PIB12,2012-01-01T00:00:00-02:00,1,1,2012,367215.4
2012-02-01,BM12_PIB12,2012-02-01T00:00:00-02:00,1,2,2012,367177.3
2012-03-01,BM12_PIB12,2012-03-01T00:00:00-03:00,1,3,2012,392996.5
2012-04-01,BM12_PIB12,2012-04-01T00:00:00-03:00,1,4,2012,381795.3
2012-05-01,BM12_PIB12,2012-05-01T00:00:00-03:00,1,5,2012,400281.3
2012-06-01,BM12_PIB12,2012-06-01T00:00:00-03:00,1,6,2012,398714.5
2012-07-01,BM12_PIB12,2012-07-01T00:00:00-03:00,1,7,2012,414617.4
2012-08-01,BM12_PIB12,2012-08-01T00:00:00-03:00,1,8,2012,419906.3
2012-09-01,BM12_PIB12,2012-09-01T00:00:00-03:00,1,9,2012,393524.7
2012-10-01,BM12_PIB12,2012-10-01T00:00:00-03:00,1,10,2012,422672.1
2012-11-01,BM12_PIB12,2012-11-01T00:00:00-02:00,1,11,2012,423816.4
2012-12-01,BM12_PIB12,2012-12-01T00:00:00-02:00,1,12,2012,423195.9
2013-01-01,BM12_PIB12,2013-01-01T00:00:00-02:00,1,1,2013,414131.8
2013-02-01,BM12_PIB12,2013-02-01T00:00:00-02:00,1,2,2013,398645.4
2013-03-01,BM12_PIB12,2013-03-01T00:00:00-03:00,1,3,2013,427409.8
2013-04-01,BM12_PIB12,2013-04-01T00:00:00-03:00,1,4,2013,438856.8
2013-05-01,BM12_PIB12,2013-05-01T00:00:00-03:00,1,5,2013,439054.2
2013-06-01,BM12_PIB12,2013-06-01T00:00:00-03:00,1,6,2013,442857.0
2013-07-01,BM12_PIB12,2013-07-01T00:00:00-03:00,1,7,2013,458458.9
2013-08-01,BM12_PIB12,2013-08-01T00:00:00-03:00,1,8,2013,452862.2
2013-09-01,BM12_PIB12,2013-09-01T00:00:00-03:00,1,9,2013,438766.7
2013-10-01,BM12_PIB12,2013-10-01T00:00:00-03:00,1,10,2013,466166.0
2013-11-01,BM12_PIB12,2013-11-01T00:00:00-02:00,1,11,2013,465693.8
2013-12-01,BM12_PIB12,2013-12-01T00:00:00-02:00,1,12,2013,473552.5
2014-01-01,BM12_PIB12,2014-01-01T00:00:00-02:00,1,1,2014,455935.0
2014-02-01,BM12_PIB12,2014-02-01T00:00:00-02:00,1,2,2014,450358.8
2014-03-01,BM12_PIB12,2014-03-01T00:00:00-03:00,1,3,2014,462159.8
2014-04-01,BM12_PIB12,2014-04-01T00:00:00-03:00,1,4,2014,468767.5
2014-05-01,BM12_PIB12,2014-05-01T00:00:00-03:00,1,5,2014,473347.1
2014-06-01,BM12_PIB12,2014-06-01T00:00:00-03:00,1,6,2014,458516.5
2014-07-01,BM12_PIB12,2014-07-01T00:00:00-03:00,1,7,2014,481994.0
2014-08-01,BM12_PIB12,2014-08-01T00:00:00-03:00,1,8,2014,477052.9
2014-09-01,BM12_PIB12,2014-09-01T00:00:00-03:00,1,9,2014,476520.6
2014-10-01,BM12_PIB12,2014-10-01T00:00:00-03:00,1,10,2014,493304.7
2014-11-01,BM12_PIB12,2014-11-01T00:00:00-02:00,1,11,2014,489484.4
2014-12-01,BM12_PIB12,2014-12-01T00:00:00-02:00,1,12,2014,499867.7
2015-01-01,BM12_PIB12,2015-01-01T00:00:00-02:00,1,1,2015,472913.9
2015-02-01,BM12_PIB12,2015-02-01T00:00:00-02:00,1,2,2015,460156.7
2015-03-01,BM12_PIB12,2015-03-01T00:00:00-03:00,1,3,2015,501752.2
2015-04-01,BM12_PIB12,2015-04-01T00:00:00-03:00,1,4,2015,486614.6
2015-05-01,BM12_PIB12,2015-05-01T00:00:00-03:00,1,5,2015,483239.7
2015-06-01,BM12_PIB12,2015-06-01T00:00:00-03:00,1,6,2015,486647.5
2015-07-01,BM12_PIB12,2015-07-01T00:00:00-03:00,1,7,2015,502275.2
2015-08-01,BM12_PIB12,2015-08-01T00:00:00-03:00,1,8,2015,492505.7
2015-09-01,BM12_PIB12,2015-09-01T00:00:00-03:00,1,9,2015,496004.7
2015-10-01,BM12_PIB12,2015-10-01T00:00:00-03:00,1,10,2015,518828.9
2015-11-01,BM12_PIB12,2015-11-01T00:00:00-02:00,1,11,2015,513819.8
2015-12-01,BM12_PIB12,2015-12-01T00:00:00-02:00,1,12,2015,521918.7
2016-01-01,BM12_PIB12,2016-01-01T00:00:00-02:00,1,1,2016,490284.0
2016-02-01,BM12_PIB12,2016-02-01T00:00:00-02:00,1,2,2016,491011.7
2016-03-01,BM12_PIB12,2016-03-01T00:00:00-03:00,1,3,2016,516985.9
2016-04-01,BM12_PIB12,2016-04-01T00:00:00-03:00,1,4,2016,508058.7
2016-05-01,BM12_PIB12,2016-05-01T00:00:00-03:00,1,5,2016,513267.5
2016-06-01,BM12_PIB12,2016-06-01T00:00:00-03:00,1,6,2016,536459.3
2016-07-01,BM12_PIB12,2016-07-01T00:00:00-03:00,1,7,2016,532947.8
2016-08-01,BM12_PIB12,2016-08-01T00:00:00-03:00,1,8,2016,534761.8
2016-09-01,BM12_PIB12,2016-09-01T00:00:00-03:00,1,9,2016,509975.0
2016-10-01,BM12_PIB12,2016-10-01T00:00:00-03:00,1,10,2016,525162.7
2016-11-01,BM12_PIB12,2016-11-01T00:00:00-02:00,1,11,2016,541530.7
2016-12-01,BM12_PIB12,2016-12-01T00:00:00-02:00,1,12,2016,565780.5
2017-01-01,BM12_PIB12,2017-01-01T00:00:00-02:00,1,1,2017,526564.7
2017-02-01,BM12_PIB12,2017-02-01T00:00:00-02:00,1,2,2017,514120.5
2017-03-01,BM12_PIB12,2017-03-01T00:00:00-03:00,1,3,2017,544312.9
2017-04-01,BM12_PIB12,2017-04-01T00:00:00-03:00,1,4,2017,525238.1
2017-05-01,BM12_PIB12,2017-05-01T00:00:00-03:00,1,5,2017,548887.7
2017-06-01,BM12_PIB12,2017-06-01T00:00:00-03:00,1,6,2017,556787.6
2017-07-01,BM12_PIB12,2017-07-01T00:00:00-03:00,1,7,2017,557458.2
2017-08-01,BM12_PIB12,2017-08-01T00:00:00-03:00,1,8,2017,555578.7
2017-09-01,BM12_PIB12,2017-09-01T00:00:00-03:00,1,9,2017,528871.2
2017-10-01,BM12_PIB12,2017-10-01T00:00:00-03:00,1,10,2017,549304.7
2017-11-01,BM12_PIB12,2017-11-01T00:00:00-02:00,1,11,2017,566209.3
2017-12-01,BM12_PIB12,2017-12-01T00:00:00-02:00,1,12,2017,588892.8
2018-01-01,BM12_PIB12,2018-01-01T00:00:00-02:00,1,1,2018,555644.6
2018-02-01,BM12_PIB12,2018-02-01T00:00:00-02:00,1,2,2018,528905.5
2018-03-01,BM12_PIB12,2018-03-01T00:00:00-03:00,1,3,2018,560120.7
2018-04-01,BM12_PIB12,2018-04-01T00:00:00-03:00,1,4,2018,559359.8
2018-05-01,BM12_PIB12,2018-05-01T00:00:00-03:00,1,5,2018,547016.5
2018-06-01,BM12_PIB12,2018-06-01T00:00:00-03:00,1,6,2018,580697.8
2018-07-01,BM12_PIB12,2018-07-01T00:00:00-03:00,1,7,2018,583054.8
2018-08-01,BM12_PIB12,2018-08-01T00:00:00-03:00,1,8,2018,582756.7
2018-09-01,BM12_PIB12,2018-09-01T00:00:00-03:00,1,9,2018,556776.6
2018-10-01,BM12_PIB12,2018-10-01T00:00:00-03:00,1,10,2018,591983.9
2018-11-01,BM12_PIB12,2018-11-01T00:00:00-03:00,1,11,2018,593926.9
2018-12-01,BM12_PIB12,2018-12-01T00:00:00-02:00,1,12,2018,603155.2
2019-01-01,BM12_PIB12,2019-01-01T00:00:00-02:00,1,1,2019,578452.6
2019-02-01,BM12_PIB12,2019-02-01T00:00:00-02:00,1,2,2019,567984.5
2019-03-01,BM12_PIB12,2019-03-01T00:00:00-03:00,1,3,2019,579172.6
2019-04-01,BM12_PIB12,2019-04-01T00:00:00-03:00,1,4,2019,592916.0
2019-05-01,BM12_PIB12,2019-05-01T00:00:00-03:00,1,5,2019,604607.4
2019-06-01,BM12_PIB12,2019-06-01T00:00:00-03:00,1,6,2019,598283.0
2019-07-01,BM12_PIB12,2019-07-01T00:00:00-03:00,1,7,2019,627049.7
2019-08-01,BM12_PIB12,2019-08-01T00:00:00-03:00,1,8,2019,616157.6
2019-09-01,BM12_PIB12,2019-09-01T00:00:00-03:00,1,9,2019,614187.9
2019-10-01,BM12_PIB12,2019-10-01T00:00:00-03:00,1,10,2019,641340.1
2019-11-01,BM12_PIB12,2019-11-01T00:00:00-03:00,1,11,2019,634826.2
2019-12-01,BM12_PIB12,2019-12-01T00:00:00-03:00,1,12,2019,646343.1
2020-01-01,BM12_PIB12,2020-01-01T00:00:00-03:00,1,1,2020,617747.2
2020-02-01,BM12_PIB12,2020-02-01T00:00:00-03:00,1,2,2020,609810.8
2020-03-01,BM12_PIB12,2020-03-01T00:00:00-03:00,1,3,2020,616335.3
2020-04-01,BM12_PIB12,2020-04-01T00:00:00-03:00,1,4,2020,555387.4
2020-05-01,BM12_PIB12,2020-05-01T00:00:00-03:00,1,5,2020,561628.4
2020-06-01,BM12_PIB12,2020-06-01T00:00:00-03:00,1,6,2020,591537.3
2020-07-01,BM12_PIB12,2020-07-01T00:00:00-03:00,1,7,2020,629700.9
2020-08-01,BM12_PIB12,2020-08-01T00:00:00-03:00,1,8,2020,625136.3
2020-09-01,BM12_PIB12,2020-09-01T00:00:00-03:00,1,9,2020,635263.9
2020-10-01,BM12_PIB12,2020-10-01T00:00:00-03:00,1,10,2020,661149.0
2020-11-01,BM12_PIB12,2020-11-01T00:00:00-03:00,1,11,2020,665182.8
2020-12-01,BM12_PIB12,2020-12-01T00:00:00-03:00,1,12,2020,685042.6
2021-01-01,BM12_PIB12,2021-01-01T00:00:00-03:00,1,1,2021,653790.4
2021-02-01,BM12_PIB12,2021-02-01T00:00:00-03:00,1,2,2021,676255.0
2021-03-01,BM12_PIB12,2021-03-01T00:00:00-03:00,1,3,2021,735993.6
2021-04-01,BM12_PIB12,2021-04-01T00:00:00-03:00,1,4,2021,713652.1
2021-05-01,BM12_PIB12,2021-05-01T00:00:00-03:00,1,5,2021,712134.2
2021-06-01,BM12_PIB12,2021-06-01T00:00:00-03:00,1,6,2021,714893.3
2021-07-01,BM12_PIB12,2021-07-01T00:00:00-03:00,1,7,2021,743091.8
2021-08-01,BM12_PIB12,2021-08-01T00:00:00-03:00,1,8,2021,740615.1
2021-09-01,BM12_PIB12,2021-09-01T00:00:00-03:00,1,9,2021,745774.4
2021-10-01,BM12_PIB12,2021-10-01T00:00:00-03:00,1,10,2021,755323.0
2021-11-01,BM12_PIB12,2021-11-01T00:00:00-03:00,1,11,2021,771558.9
2021-12-01,BM12_PIB12,2021-12-01T00:00:00-03:00,1,12,2021,782833.5
2022-01-01,BM12_PIB12,2022-01-01T00:00:00-03:00,1,1,2022,722909.9
2022-02-01,BM12_PIB12,2022-02-01T00:00:00-03:00,1,2,2022,753607.1
2022-03-01,BM12_PIB12,2022-03-01T00:00:00-03:00,1,3,2022,839191.5
2022-04-01,BM12_PIB12,2022-04-01T00:00:00-03:00,1,4,2022,819325.4
2022-05-01,BM12_PIB12,2022-05-01T00:00:00-03:00,1,5,2022,826040.2
2022-06-01,BM12_PIB12,2022-06-01T00:00:00-03:00,1,6,2022,826471.8
2022-07-01,BM12_PIB12,2022-07-01T00:00:00-03:00,1,7,2022,853882.5
2022-08-01,BM12_PIB12,2022-08-01T00:00:00-03:00,1,8,2022,853568.6
2022-09-01,BM12_PIB12,2022-09-01T00:00:00-03:00,1,9,2022,836193.6
2022-10-01,BM12_PIB12,2022-10-01T00:00:00-03:00,1,10,2022,852761.9
2022-11-01,BM12_PIB12,2022-11-01T00:00:00-03:00,1,11,2022,858444.4
2022-12-01,BM12_PIB12,2022-12-01T00:00:00-03:00,1,12,2022,872919.5
2023-01-01,BM12_PIB12,2023-01-01T00:00:00-03:00,1,1,2023,815869.7
2023-02-01,BM12_PIB12,2023-02-01T00:00:00-03:00,1,2,2023,819447.6
2023-03-01,BM12_PIB12,2023-03-01T00:00:00-03:00,1,3,2023,893130.1
