DATE,CODE,RAW DATE,DAY,MONTH,YEAR,VALUE (US$)
1957-01-01,IFS12_PETROLEUM12,1957-01-01T00:00:00-02:00,1,1,1957,1.92
1957-02-01,IFS12_PETROLEUM12,1957-02-01T00:00:00-02:00,1,2,1957,1.92
1957-03-01,IFS12_PETROLEUM12,1957-03-01T00:00:00-03:00,1,3,1957,1.92
1957-04-01,IFS12_PETROLEUM12,1957-04-01T00:00:00-03:00,1,4,1957,1.92
1957-05-01,IFS12_PETROLEUM12,1957-05-01T00:00:00-03:00,1,5,1957,1.92
1957-06-01,IFS12_PETROLEUM12,1957-06-01T00:00:00-03:00,1,6,1957,2.07
1957-07-01,IFS12_PETROLEUM12,1957-07-01T00:00:00-03:00,1,7,1957,2.07
1957-08-01,IFS12_PETROLEUM12,1957-08-01T00:00:00-03:00,1,8,1957,2.07
1957-09-01,IFS12_PETROLEUM12,1957-09-01T00:00:00-03:00,1,9,1957,2.07
1957-10-01,IFS12_PETROLEUM12,1957-10-01T00:00:00-03:00,1,10,1957,2.07
1957-11-01,IFS12_PETROLEUM12,1957-11-01T00:00:00-03:00,1,11,1957,2.07
1957-12-01,IFS12_PETROLEUM12,1957-12-01T00:00:00-02:00,1,12,1957,2.07
1958-01-01,IFS12_PETROLEUM12,1958-01-01T00:00:00-02:00,1,1,1958,2.07
1958-02-01,IFS12_PETROLEUM12,1958-02-01T00:00:00-02:00,1,2,1958,2.07
1958-03-01,IFS12_PETROLEUM12,1958-03-01T00:00:00-03:00,1,3,1958,2.07
1958-04-01,IFS12_PETROLEUM12,1958-04-01T00:00:00-03:00,1,4,1958,2.07
1958-05-01,IFS12_PETROLEUM12,1958-05-01T00:00:00-03:00,1,5,1958,2.07
1958-06-01,IFS12_PETROLEUM12,1958-06-01T00:00:00-03:00,1,6,1958,2.07
1958-07-01,IFS12_PETROLEUM12,1958-07-01T00:00:00-03:00,1,7,1958,2.07
1958-08-01,IFS12_PETROLEUM12,1958-08-01T00:00:00-03:00,1,8,1958,2.07
1958-09-01,IFS12_PETROLEUM12,1958-09-01T00:00:00-03:00,1,9,1958,2.07
1958-10-01,IFS12_PETROLEUM12,1958-10-01T00:00:00-03:00,1,10,1958,2.07
1958-11-01,IFS12_PETROLEUM12,1958-11-01T00:00:00-03:00,1,11,1958,2.07
1958-12-01,IFS12_PETROLEUM12,1958-12-01T00:00:00-02:00,1,12,1958,2.07
1959-01-01,IFS12_PETROLEUM12,1959-01-01T00:00:00-02:00,1,1,1959,2.07
1959-02-01,IFS12_PETROLEUM12,1959-02-01T00:00:00-02:00,1,2,1959,1.89
1959-03-01,IFS12_PETROLEUM12,1959-03-01T00:00:00-03:00,1,3,1959,1.89
1959-04-01,IFS12_PETROLEUM12,1959-04-01T00:00:00-03:00,1,4,1959,1.89
1959-05-01,IFS12_PETROLEUM12,1959-05-01T00:00:00-03:00,1,5,1959,1.89
1959-06-01,IFS12_PETROLEUM12,1959-06-01T00:00:00-03:00,1,6,1959,1.89
1959-07-01,IFS12_PETROLEUM12,1959-07-01T00:00:00-03:00,1,7,1959,1.89
1959-08-01,IFS12_PETROLEUM12,1959-08-01T00:00:00-03:00,1,8,1959,1.89
1959-09-01,IFS12_PETROLEUM12,1959-09-01T00:00:00-03:00,1,9,1959,1.89
1959-10-01,IFS12_PETROLEUM12,1959-10-01T00:00:00-03:00,1,10,1959,1.89
1959-11-01,IFS12_PETROLEUM12,1959-11-01T00:00:00-03:00,1,11,1959,1.89
1959-12-01,IFS12_PETROLEUM12,1959-12-01T00:00:00-02:00,1,12,1959,1.89
1960-01-01,IFS12_PETROLEUM12,1960-01-01T00:00:00-02:00,1,1,1960,1.89
1960-02-01,IFS12_PETROLEUM12,1960-02-01T00:00:00-02:00,1,2,1960,1.89
1960-03-01,IFS12_PETROLEUM12,1960-03-01T00:00:00-03:00,1,3,1960,1.89
1960-04-01,IFS12_PETROLEUM12,1960-04-01T00:00:00-03:00,1,4,1960,1.89
1960-05-01,IFS12_PETROLEUM12,1960-05-01T00:00:00-03:00,1,5,1960,1.89
1960-06-01,IFS12_PETROLEUM12,1960-06-01T00:00:00-03:00,1,6,1960,1.89
1960-07-01,IFS12_PETROLEUM12,1960-07-01T00:00:00-03:00,1,7,1960,1.89
1960-08-01,IFS12_PETROLEUM12,1960-08-01T00:00:00-03:00,1,8,1960,1.79
1960-09-01,IFS12_PETROLEUM12,1960-09-01T00:00:00-03:00,1,9,1960,1.79
1960-10-01,IFS12_PETROLEUM12,1960-10-01T00:00:00-03:00,1,10,1960,1.79
1960-11-01,IFS12_PETROLEUM12,1960-11-01T00:00:00-03:00,1,11,1960,1.79
1960-12-01,IFS12_PETROLEUM12,1960-12-01T00:00:00-02:00,1,12,1960,1.79
1961-01-01,IFS12_PETROLEUM12,1961-01-01T00:00:00-02:00,1,1,1961,1.79
1961-02-01,IFS12_PETROLEUM12,1961-02-01T00:00:00-02:00,1,2,1961,1.79
1961-03-01,IFS12_PETROLEUM12,1961-03-01T00:00:00-03:00,1,3,1961,1.79
1961-04-01,IFS12_PETROLEUM12,1961-04-01T00:00:00-03:00,1,4,1961,1.79
1961-05-01,IFS12_PETROLEUM12,1961-05-01T00:00:00-03:00,1,5,1961,1.79
1961-06-01,IFS12_PETROLEUM12,1961-06-01T00:00:00-03:00,1,6,1961,1.79
1961-07-01,IFS12_PETROLEUM12,1961-07-01T00:00:00-03:00,1,7,1961,1.79
1961-08-01,IFS12_PETROLEUM12,1961-08-01T00:00:00-03:00,1,8,1961,1.79
1961-09-01,IFS12_PETROLEUM12,1961-09-01T00:00:00-03:00,1,9,1961,1.79
1961-10-01,IFS12_PETROLEUM12,1961-10-01T00:00:00-03:00,1,10,1961,1.79
1961-11-01,IFS12_PETROLEUM12,1961-11-01T00:00:00-03:00,1,11,1961,1.79
1961-12-01,IFS12_PETROLEUM12,1961-12-01T00:00:00-02:00,1,12,1961,1.79
1962-01-01,IFS12_PETROLEUM12,1962-01-01T00:00:00-02:00,1,1,1962,1.79
1962-02-01,IFS12_PETROLEUM12,1962-02-01T00:00:00-02:00,1,2,1962,1.79
1962-03-01,IFS12_PETROLEUM12,1962-03-01T00:00:00-03:00,1,3,1962,1.79
1962-04-01,IFS12_PETROLEUM12,1962-04-01T00:00:00-03:00,1,4,1962,1.79
1962-05-01,IFS12_PETROLEUM12,1962-05-01T00:00:00-03:00,1,5,1962,1.79
1962-06-01,IFS12_PETROLEUM12,1962-06-01T00:00:00-03:00,1,6,1962,1.79
1962-07-01,IFS12_PETROLEUM12,1962-07-01T00:00:00-03:00,1,7,1962,1.79
1962-08-01,IFS12_PETROLEUM12,1962-08-01T00:00:00-03:00,1,8,1962,1.79
1962-09-01,IFS12_PETROLEUM12,1962-09-01T00:00:00-03:00,1,9,1962,1.79
1962-10-01,IFS12_PETROLEUM12,1962-10-01T00:00:00-03:00,1,10,1962,1.79
1962-11-01,IFS12_PETROLEUM12,1962-11-01T00:00:00-03:00,1,11,1962,1.79
1962-12-01,IFS12_PETROLEUM12,1962-12-01T00:00:00-02:00,1,12,1962,1.79
1963-01-01,IFS12_PETROLEUM12,1963-01-01T00:00:00-02:00,1,1,1963,1.79
1963-02-01,IFS12_PETROLEUM12,1963-02-01T00:00:00-02:00,1,2,1963,1.79
1963-03-01,IFS12_PETROLEUM12,1963-03-01T00:00:00-03:00,1,3,1963,1.79
1963-04-01,IFS12_PETROLEUM12,1963-04-01T00:00:00-03:00,1,4,1963,1.79
1963-05-01,IFS12_PETROLEUM12,1963-05-01T00:00:00-03:00,1,5,1963,1.79
1963-06-01,IFS12_PETROLEUM12,1963-06-01T00:00:00-03:00,1,6,1963,1.79
1963-07-01,IFS12_PETROLEUM12,1963-07-01T00:00:00-03:00,1,7,1963,1.79
1963-08-01,IFS12_PETROLEUM12,1963-08-01T00:00:00-03:00,1,8,1963,1.79
1963-09-01,IFS12_PETROLEUM12,1963-09-01T00:00:00-03:00,1,9,1963,1.79
1963-10-01,IFS12_PETROLEUM12,1963-10-01T00:00:00-03:00,1,10,1963,1.79
1963-11-01,IFS12_PETROLEUM12,1963-11-01T00:00:00-03:00,1,11,1963,1.79
1963-12-01,IFS12_PETROLEUM12,1963-12-01T00:00:00-02:00,1,12,1963,1.79
1964-01-01,IFS12_PETROLEUM12,1964-01-01T00:00:00-02:00,1,1,1964,1.79
1964-02-01,IFS12_PETROLEUM12,1964-02-01T00:00:00-02:00,1,2,1964,1.79
1964-03-01,IFS12_PETROLEUM12,1964-03-01T00:00:00-03:00,1,3,1964,1.79
1964-04-01,IFS12_PETROLEUM12,1964-04-01T00:00:00-03:00,1,4,1964,1.79
1964-05-01,IFS12_PETROLEUM12,1964-05-01T00:00:00-03:00,1,5,1964,1.79
1964-06-01,IFS12_PETROLEUM12,1964-06-01T00:00:00-03:00,1,6,1964,1.79
1964-07-01,IFS12_PETROLEUM12,1964-07-01T00:00:00-03:00,1,7,1964,1.79
1964-08-01,IFS12_PETROLEUM12,1964-08-01T00:00:00-03:00,1,8,1964,1.79
1964-09-01,IFS12_PETROLEUM12,1964-09-01T00:00:00-03:00,1,9,1964,1.79
1964-10-01,IFS12_PETROLEUM12,1964-10-01T00:00:00-03:00,1,10,1964,1.79
1964-11-01,IFS12_PETROLEUM12,1964-11-01T00:00:00-03:00,1,11,1964,1.79
1964-12-01,IFS12_PETROLEUM12,1964-12-01T00:00:00-02:00,1,12,1964,1.79
1965-01-01,IFS12_PETROLEUM12,1965-01-01T00:00:00-02:00,1,1,1965,1.79
1965-02-01,IFS12_PETROLEUM12,1965-02-01T00:00:00-02:00,1,2,1965,1.79
1965-03-01,IFS12_PETROLEUM12,1965-03-01T00:00:00-03:00,1,3,1965,1.79
1965-04-01,IFS12_PETROLEUM12,1965-04-01T00:00:00-03:00,1,4,1965,1.79
1965-05-01,IFS12_PETROLEUM12,1965-05-01T00:00:00-03:00,1,5,1965,1.79
1965-06-01,IFS12_PETROLEUM12,1965-06-01T00:00:00-03:00,1,6,1965,1.79
1965-07-01,IFS12_PETROLEUM12,1965-07-01T00:00:00-03:00,1,7,1965,1.79
1965-08-01,IFS12_PETROLEUM12,1965-08-01T00:00:00-03:00,1,8,1965,1.79
1965-09-01,IFS12_PETROLEUM12,1965-09-01T00:00:00-03:00,1,9,1965,1.79
1965-10-01,IFS12_PETROLEUM12,1965-10-01T00:00:00-03:00,1,10,1965,1.79
1965-11-01,IFS12_PETROLEUM12,1965-11-01T00:00:00-03:00,1,11,1965,1.79
1965-12-01,IFS12_PETROLEUM12,1965-12-01T00:00:00-02:00,1,12,1965,1.79
1966-01-01,IFS12_PETROLEUM12,1966-01-01T00:00:00-02:00,1,1,1966,1.79
1966-02-01,IFS12_PETROLEUM12,1966-02-01T00:00:00-02:00,1,2,1966,1.79
1966-03-01,IFS12_PETROLEUM12,1966-03-01T00:00:00-03:00,1,3,1966,1.79
1966-04-01,IFS12_PETROLEUM12,1966-04-01T00:00:00-03:00,1,4,1966,1.79
1966-05-01,IFS12_PETROLEUM12,1966-05-01T00:00:00-03:00,1,5,1966,1.79
1966-06-01,IFS12_PETROLEUM12,1966-06-01T00:00:00-03:00,1,6,1966,1.79
1966-07-01,IFS12_PETROLEUM12,1966-07-01T00:00:00-03:00,1,7,1966,1.79
1966-08-01,IFS12_PETROLEUM12,1966-08-01T00:00:00-03:00,1,8,1966,1.79
1966-09-01,IFS12_PETROLEUM12,1966-09-01T00:00:00-03:00,1,9,1966,1.79
1966-10-01,IFS12_PETROLEUM12,1966-10-01T00:00:00-03:00,1,10,1966,1.79
1966-11-01,IFS12_PETROLEUM12,1966-11-01T00:00:00-03:00,1,11,1966,1.79
1966-12-01,IFS12_PETROLEUM12,1966-12-01T00:00:00-02:00,1,12,1966,1.79
1967-01-01,IFS12_PETROLEUM12,1967-01-01T00:00:00-02:00,1,1,1967,1.79
1967-02-01,IFS12_PETROLEUM12,1967-02-01T00:00:00-02:00,1,2,1967,1.79
1967-03-01,IFS12_PETROLEUM12,1967-03-01T00:00:00-03:00,1,3,1967,1.79
1967-04-01,IFS12_PETROLEUM12,1967-04-01T00:00:00-03:00,1,4,1967,1.79
1967-05-01,IFS12_PETROLEUM12,1967-05-01T00:00:00-03:00,1,5,1967,1.79
1967-06-01,IFS12_PETROLEUM12,1967-06-01T00:00:00-03:00,1,6,1967,1.79
1967-07-01,IFS12_PETROLEUM12,1967-07-01T00:00:00-03:00,1,7,1967,1.79
1967-08-01,IFS12_PETROLEUM12,1967-08-01T00:00:00-03:00,1,8,1967,1.79
1967-09-01,IFS12_PETROLEUM12,1967-09-01T00:00:00-03:00,1,9,1967,1.79
1967-10-01,IFS12_PETROLEUM12,1967-10-01T00:00:00-03:00,1,10,1967,1.79
1967-11-01,IFS12_PETROLEUM12,1967-11-01T00:00:00-03:00,1,11,1967,1.79
1967-12-01,IFS12_PETROLEUM12,1967-12-01T00:00:00-02:00,1,12,1967,1.79
1968-01-01,IFS12_PETROLEUM12,1968-01-01T00:00:00-02:00,1,1,1968,1.79
1968-02-01,IFS12_PETROLEUM12,1968-02-01T00:00:00-02:00,1,2,1968,1.79
1968-03-01,IFS12_PETROLEUM12,1968-03-01T00:00:00-03:00,1,3,1968,1.79
1968-04-01,IFS12_PETROLEUM12,1968-04-01T00:00:00-03:00,1,4,1968,1.79
1968-05-01,IFS12_PETROLEUM12,1968-05-01T00:00:00-03:00,1,5,1968,1.79
1968-06-01,IFS12_PETROLEUM12,1968-06-01T00:00:00-03:00,1,6,1968,1.79
1968-07-01,IFS12_PETROLEUM12,1968-07-01T00:00:00-03:00,1,7,1968,1.79
1968-08-01,IFS12_PETROLEUM12,1968-08-01T00:00:00-03:00,1,8,1968,1.79
1968-09-01,IFS12_PETROLEUM12,1968-09-01T00:00:00-03:00,1,9,1968,1.79
1968-10-01,IFS12_PETROLEUM12,1968-10-01T00:00:00-03:00,1,10,1968,1.79
1968-11-01,IFS12_PETROLEUM12,1968-11-01T00:00:00-03:00,1,11,1968,1.79
1968-12-01,IFS12_PETROLEUM12,1968-12-01T00:00:00-02:00,1,12,1968,1.79
1969-01-01,IFS12_PETROLEUM12,1969-01-01T00:00:00-02:00,1,1,1969,1.79
1969-02-01,IFS12_PETROLEUM12,1969-02-01T00:00:00-02:00,1,2,1969,1.79
1969-03-01,IFS12_PETROLEUM12,1969-03-01T00:00:00-03:00,1,3,1969,1.79
1969-04-01,IFS12_PETROLEUM12,1969-04-01T00:00:00-03:00,1,4,1969,1.79
1969-05-01,IFS12_PETROLEUM12,1969-05-01T00:00:00-03:00,1,5,1969,1.79
1969-06-01,IFS12_PETROLEUM12,1969-06-01T00:00:00-03:00,1,6,1969,1.79
1969-07-01,IFS12_PETROLEUM12,1969-07-01T00:00:00-03:00,1,7,1969,1.79
1969-08-01,IFS12_PETROLEUM12,1969-08-01T00:00:00-03:00,1,8,1969,1.79
1969-09-01,IFS12_PETROLEUM12,1969-09-01T00:00:00-03:00,1,9,1969,1.79
1969-10-01,IFS12_PETROLEUM12,1969-10-01T00:00:00-03:00,1,10,1969,1.79
1969-11-01,IFS12_PETROLEUM12,1969-11-01T00:00:00-03:00,1,11,1969,1.79
1969-12-01,IFS12_PETROLEUM12,1969-12-01T00:00:00-02:00,1,12,1969,1.79
1970-01-01,IFS12_PETROLEUM12,1970-01-01T00:00:00-02:00,1,1,1970,2.18
1970-02-01,IFS12_PETROLEUM12,1970-02-01T00:00:00-02:00,1,2,1970,2.18
1970-03-01,IFS12_PETROLEUM12,1970-03-01T00:00:00-03:00,1,3,1970,2.18
1970-04-01,IFS12_PETROLEUM12,1970-04-01T00:00:00-03:00,1,4,1970,2.18
1970-05-01,IFS12_PETROLEUM12,1970-05-01T00:00:00-03:00,1,5,1970,2.18
1970-06-01,IFS12_PETROLEUM12,1970-06-01T00:00:00-03:00,1,6,1970,2.18
1970-07-01,IFS12_PETROLEUM12,1970-07-01T00:00:00-03:00,1,7,1970,2.18
1970-08-01,IFS12_PETROLEUM12,1970-08-01T00:00:00-03:00,1,8,1970,2.18
1970-09-01,IFS12_PETROLEUM12,1970-09-01T00:00:00-03:00,1,9,1970,2.18
1970-10-01,IFS12_PETROLEUM12,1970-10-01T00:00:00-03:00,1,10,1970,2.18
1970-11-01,IFS12_PETROLEUM12,1970-11-01T00:00:00-03:00,1,11,1970,2.18
1970-12-01,IFS12_PETROLEUM12,1970-12-01T00:00:00-02:00,1,12,1970,2.18
1971-01-01,IFS12_PETROLEUM12,1971-01-01T00:00:00-02:00,1,1,1971,2.29
1971-02-01,IFS12_PETROLEUM12,1971-02-01T00:00:00-02:00,1,2,1971,2.42
1971-03-01,IFS12_PETROLEUM12,1971-03-01T00:00:00-03:00,1,3,1971,2.42
1971-04-01,IFS12_PETROLEUM12,1971-04-01T00:00:00-03:00,1,4,1971,2.73
1971-05-01,IFS12_PETROLEUM12,1971-05-01T00:00:00-03:00,1,5,1971,2.73
1971-06-01,IFS12_PETROLEUM12,1971-06-01T00:00:00-03:00,1,6,1971,2.77
1971-07-01,IFS12_PETROLEUM12,1971-07-01T00:00:00-03:00,1,7,1971,2.76
1971-08-01,IFS12_PETROLEUM12,1971-08-01T00:00:00-03:00,1,8,1971,2.76
1971-09-01,IFS12_PETROLEUM12,1971-09-01T00:00:00-03:00,1,9,1971,2.76
1971-10-01,IFS12_PETROLEUM12,1971-10-01T00:00:00-03:00,1,10,1971,2.75
1971-11-01,IFS12_PETROLEUM12,1971-11-01T00:00:00-03:00,1,11,1971,2.75
1971-12-01,IFS12_PETROLEUM12,1971-12-01T00:00:00-02:00,1,12,1971,2.75
1972-01-01,IFS12_PETROLEUM12,1972-01-01T00:00:00-02:00,1,1,1972,2.82
1972-02-01,IFS12_PETROLEUM12,1972-02-01T00:00:00-02:00,1,2,1972,2.91
1972-03-01,IFS12_PETROLEUM12,1972-03-01T00:00:00-03:00,1,3,1972,2.91
1972-04-01,IFS12_PETROLEUM12,1972-04-01T00:00:00-03:00,1,4,1972,2.9
1972-05-01,IFS12_PETROLEUM12,1972-05-01T00:00:00-03:00,1,5,1972,2.9
1972-06-01,IFS12_PETROLEUM12,1972-06-01T00:00:00-03:00,1,6,1972,2.9
1972-07-01,IFS12_PETROLEUM12,1972-07-01T00:00:00-03:00,1,7,1972,2.89
1972-08-01,IFS12_PETROLEUM12,1972-08-01T00:00:00-03:00,1,8,1972,2.89
1972-09-01,IFS12_PETROLEUM12,1972-09-01T00:00:00-03:00,1,9,1972,2.89
1972-10-01,IFS12_PETROLEUM12,1972-10-01T00:00:00-03:00,1,10,1972,2.89
1972-11-01,IFS12_PETROLEUM12,1972-11-01T00:00:00-03:00,1,11,1972,2.89
1972-12-01,IFS12_PETROLEUM12,1972-12-01T00:00:00-02:00,1,12,1972,2.89
1973-01-01,IFS12_PETROLEUM12,1973-01-01T00:00:00-02:00,1,1,1973,2.99
1973-02-01,IFS12_PETROLEUM12,1973-02-01T00:00:00-02:00,1,2,1973,2.99
1973-03-01,IFS12_PETROLEUM12,1973-03-01T00:00:00-03:00,1,3,1973,2.99
1973-04-01,IFS12_PETROLEUM12,1973-04-01T00:00:00-03:00,1,4,1973,3.12
1973-05-01,IFS12_PETROLEUM12,1973-05-01T00:00:00-03:00,1,5,1973,3.12
1973-06-01,IFS12_PETROLEUM12,1973-06-01T00:00:00-03:00,1,6,1973,3.26
1973-07-01,IFS12_PETROLEUM12,1973-07-01T00:00:00-03:00,1,7,1973,3.34
1973-08-01,IFS12_PETROLEUM12,1973-08-01T00:00:00-03:00,1,8,1973,3.43
1973-09-01,IFS12_PETROLEUM12,1973-09-01T00:00:00-03:00,1,9,1973,3.43
1973-10-01,IFS12_PETROLEUM12,1973-10-01T00:00:00-03:00,1,10,1973,3.42
1973-11-01,IFS12_PETROLEUM12,1973-11-01T00:00:00-03:00,1,11,1973,3.42
1973-12-01,IFS12_PETROLEUM12,1973-12-01T00:00:00-02:00,1,12,1973,3.42
1974-01-01,IFS12_PETROLEUM12,1974-01-01T00:00:00-02:00,1,1,1974,13.43
1974-02-01,IFS12_PETROLEUM12,1974-02-01T00:00:00-02:00,1,2,1974,13.43
1974-03-01,IFS12_PETROLEUM12,1974-03-01T00:00:00-03:00,1,3,1974,13.43
1974-04-01,IFS12_PETROLEUM12,1974-04-01T00:00:00-03:00,1,4,1974,11.41
1974-05-01,IFS12_PETROLEUM12,1974-05-01T00:00:00-03:00,1,5,1974,11.41
1974-06-01,IFS12_PETROLEUM12,1974-06-01T00:00:00-03:00,1,6,1974,11.41
1974-07-01,IFS12_PETROLEUM12,1974-07-01T00:00:00-03:00,1,7,1974,10.62
1974-08-01,IFS12_PETROLEUM12,1974-08-01T00:00:00-03:00,1,8,1974,10.62
1974-09-01,IFS12_PETROLEUM12,1974-09-01T00:00:00-03:00,1,9,1974,10.62
1974-10-01,IFS12_PETROLEUM12,1974-10-01T00:00:00-03:00,1,10,1974,10.93
1974-11-01,IFS12_PETROLEUM12,1974-11-01T00:00:00-03:00,1,11,1974,10.93
1974-12-01,IFS12_PETROLEUM12,1974-12-01T00:00:00-02:00,1,12,1974,10.93
1975-01-01,IFS12_PETROLEUM12,1975-01-01T00:00:00-02:00,1,1,1975,11.17
1975-02-01,IFS12_PETROLEUM12,1975-02-01T00:00:00-02:00,1,2,1975,11.17
1975-03-01,IFS12_PETROLEUM12,1975-03-01T00:00:00-03:00,1,3,1975,11.17
1975-04-01,IFS12_PETROLEUM12,1975-04-01T00:00:00-03:00,1,4,1975,11.17
1975-05-01,IFS12_PETROLEUM12,1975-05-01T00:00:00-03:00,1,5,1975,11.17
1975-06-01,IFS12_PETROLEUM12,1975-06-01T00:00:00-03:00,1,6,1975,11.17
1975-07-01,IFS12_PETROLEUM12,1975-07-01T00:00:00-03:00,1,7,1975,11.17
1975-08-01,IFS12_PETROLEUM12,1975-08-01T00:00:00-03:00,1,8,1975,11.17
1975-09-01,IFS12_PETROLEUM12,1975-09-01T00:00:00-03:00,1,9,1975,11.17
1975-10-01,IFS12_PETROLEUM12,1975-10-01T00:00:00-03:00,1,10,1975,12.3
1975-11-01,IFS12_PETROLEUM12,1975-11-01T00:00:00-03:00,1,11,1975,12.3
1975-12-01,IFS12_PETROLEUM12,1975-12-01T00:00:00-02:00,1,12,1975,12.3
1976-01-01,IFS12_PETROLEUM12,1976-01-01T00:00:00-02:00,1,1,1976,11.41
1976-02-01,IFS12_PETROLEUM12,1976-02-01T00:00:00-02:00,1,2,1976,11.41
1976-03-01,IFS12_PETROLEUM12,1976-03-01T00:00:00-03:00,1,3,1976,11.83
1976-04-01,IFS12_PETROLEUM12,1976-04-01T00:00:00-03:00,1,4,1976,11.47
1976-05-01,IFS12_PETROLEUM12,1976-05-01T00:00:00-03:00,1,5,1976,11.48
1976-06-01,IFS12_PETROLEUM12,1976-06-01T00:00:00-03:00,1,6,1976,11.43
1976-07-01,IFS12_PETROLEUM12,1976-07-01T00:00:00-03:00,1,7,1976,11.43
1976-08-01,IFS12_PETROLEUM12,1976-08-01T00:00:00-03:00,1,8,1976,11.44
1976-09-01,IFS12_PETROLEUM12,1976-09-01T00:00:00-03:00,1,9,1976,11.43
1976-10-01,IFS12_PETROLEUM12,1976-10-01T00:00:00-03:00,1,10,1976,11.44
1976-11-01,IFS12_PETROLEUM12,1976-11-01T00:00:00-03:00,1,11,1976,12.06
1976-12-01,IFS12_PETROLEUM12,1976-12-01T00:00:00-02:00,1,12,1976,11.82
1977-01-01,IFS12_PETROLEUM12,1977-01-01T00:00:00-02:00,1,1,1977,12.45
1977-02-01,IFS12_PETROLEUM12,1977-02-01T00:00:00-02:00,1,2,1977,12.45
1977-03-01,IFS12_PETROLEUM12,1977-03-01T00:00:00-03:00,1,3,1977,12.45
1977-04-01,IFS12_PETROLEUM12,1977-04-01T00:00:00-03:00,1,4,1977,12.45
1977-05-01,IFS12_PETROLEUM12,1977-05-01T00:00:00-03:00,1,5,1977,12.45
1977-06-01,IFS12_PETROLEUM12,1977-06-01T00:00:00-03:00,1,6,1977,12.45
1977-07-01,IFS12_PETROLEUM12,1977-07-01T00:00:00-03:00,1,7,1977,12.61
1977-08-01,IFS12_PETROLEUM12,1977-08-01T00:00:00-03:00,1,8,1977,12.58
1977-09-01,IFS12_PETROLEUM12,1977-09-01T00:00:00-03:00,1,9,1977,12.51
1977-10-01,IFS12_PETROLEUM12,1977-10-01T00:00:00-03:00,1,10,1977,12.55
1977-11-01,IFS12_PETROLEUM12,1977-11-01T00:00:00-03:00,1,11,1977,12.59
1977-12-01,IFS12_PETROLEUM12,1977-12-01T00:00:00-02:00,1,12,1977,12.61
1978-01-01,IFS12_PETROLEUM12,1978-01-01T00:00:00-02:00,1,1,1978,12.59
1978-02-01,IFS12_PETROLEUM12,1978-02-01T00:00:00-02:00,1,2,1978,12.59
1978-03-01,IFS12_PETROLEUM12,1978-03-01T00:00:00-03:00,1,3,1978,12.58
1978-04-01,IFS12_PETROLEUM12,1978-04-01T00:00:00-03:00,1,4,1978,12.51
1978-05-01,IFS12_PETROLEUM12,1978-05-01T00:00:00-03:00,1,5,1978,12.52
1978-06-01,IFS12_PETROLEUM12,1978-06-01T00:00:00-03:00,1,6,1978,12.57
1978-07-01,IFS12_PETROLEUM12,1978-07-01T00:00:00-03:00,1,7,1978,12.58
1978-08-01,IFS12_PETROLEUM12,1978-08-01T00:00:00-03:00,1,8,1978,12.63
1978-09-01,IFS12_PETROLEUM12,1978-09-01T00:00:00-03:00,1,9,1978,12.68
1978-10-01,IFS12_PETROLEUM12,1978-10-01T00:00:00-03:00,1,10,1978,12.81
1978-11-01,IFS12_PETROLEUM12,1978-11-01T00:00:00-03:00,1,11,1978,13.21
1978-12-01,IFS12_PETROLEUM12,1978-12-01T00:00:00-02:00,1,12,1978,14.05
1979-01-01,IFS12_PETROLEUM12,1979-01-01T00:00:00-02:00,1,1,1979,16.09
1979-02-01,IFS12_PETROLEUM12,1979-02-01T00:00:00-02:00,1,2,1979,21.73
1979-03-01,IFS12_PETROLEUM12,1979-03-01T00:00:00-03:00,1,3,1979,20.11
1979-04-01,IFS12_PETROLEUM12,1979-04-01T00:00:00-03:00,1,4,1979,21.28
1979-05-01,IFS12_PETROLEUM12,1979-05-01T00:00:00-03:00,1,5,1979,30.46
1979-06-01,IFS12_PETROLEUM12,1979-06-01T00:00:00-03:00,1,6,1979,35.09
1979-07-01,IFS12_PETROLEUM12,1979-07-01T00:00:00-03:00,1,7,1979,30.34
1979-08-01,IFS12_PETROLEUM12,1979-08-01T00:00:00-03:00,1,8,1979,32.45
1979-09-01,IFS12_PETROLEUM12,1979-09-01T00:00:00-03:00,1,9,1979,34.58
1979-10-01,IFS12_PETROLEUM12,1979-10-01T00:00:00-03:00,1,10,1979,37.4
1979-11-01,IFS12_PETROLEUM12,1979-11-01T00:00:00-03:00,1,11,1979,39.7
1979-12-01,IFS12_PETROLEUM12,1979-12-01T00:00:00-02:00,1,12,1979,38.69
1980-01-01,IFS12_PETROLEUM12,1980-01-01T00:00:00-02:00,1,1,1980,35.64
1980-02-01,IFS12_PETROLEUM12,1980-02-01T00:00:00-02:00,1,2,1980,35.09
1980-03-01,IFS12_PETROLEUM12,1980-03-01T00:00:00-03:00,1,3,1980,36.01
1980-04-01,IFS12_PETROLEUM12,1980-04-01T00:00:00-03:00,1,4,1980,35.09
1980-05-01,IFS12_PETROLEUM12,1980-05-01T00:00:00-03:00,1,5,1980,35.72
1980-06-01,IFS12_PETROLEUM12,1980-06-01T00:00:00-03:00,1,6,1980,35.54
1980-07-01,IFS12_PETROLEUM12,1980-07-01T00:00:00-03:00,1,7,1980,34.33
1980-08-01,IFS12_PETROLEUM12,1980-08-01T00:00:00-03:00,1,8,1980,31.88
1980-09-01,IFS12_PETROLEUM12,1980-09-01T00:00:00-03:00,1,9,1980,31.91
1980-10-01,IFS12_PETROLEUM12,1980-10-01T00:00:00-03:00,1,10,1980,37.25
1980-11-01,IFS12_PETROLEUM12,1980-11-01T00:00:00-03:00,1,11,1980,40.97
1980-12-01,IFS12_PETROLEUM12,1980-12-01T00:00:00-02:00,1,12,1980,39.05
1981-01-01,IFS12_PETROLEUM12,1981-01-01T00:00:00-02:00,1,1,1981,38.69
1981-02-01,IFS12_PETROLEUM12,1981-02-01T00:00:00-02:00,1,2,1981,36.75
1981-03-01,IFS12_PETROLEUM12,1981-03-01T00:00:00-03:00,1,3,1981,36.44
1981-04-01,IFS12_PETROLEUM12,1981-04-01T00:00:00-03:00,1,4,1981,35.7
1981-05-01,IFS12_PETROLEUM12,1981-05-01T00:00:00-03:00,1,5,1981,33.32
1981-06-01,IFS12_PETROLEUM12,1981-06-01T00:00:00-03:00,1,6,1981,31.6
1981-07-01,IFS12_PETROLEUM12,1981-07-01T00:00:00-03:00,1,7,1981,31.63
1981-08-01,IFS12_PETROLEUM12,1981-08-01T00:00:00-03:00,1,8,1981,31.99
1981-09-01,IFS12_PETROLEUM12,1981-09-01T00:00:00-03:00,1,9,1981,31.77
1981-10-01,IFS12_PETROLEUM12,1981-10-01T00:00:00-03:00,1,10,1981,32.61
1981-11-01,IFS12_PETROLEUM12,1981-11-01T00:00:00-03:00,1,11,1981,34.05
1981-12-01,IFS12_PETROLEUM12,1981-12-01T00:00:00-02:00,1,12,1981,33.91
1982-01-01,IFS12_PETROLEUM12,1982-01-01T00:00:00-02:00,1,1,1982,33.81
1982-02-01,IFS12_PETROLEUM12,1982-02-01T00:00:00-02:00,1,2,1982,29.96
1982-03-01,IFS12_PETROLEUM12,1982-03-01T00:00:00-03:00,1,3,1982,28.25
1982-04-01,IFS12_PETROLEUM12,1982-04-01T00:00:00-03:00,1,4,1982,30.44
1982-05-01,IFS12_PETROLEUM12,1982-05-01T00:00:00-03:00,1,5,1982,33.22
1982-06-01,IFS12_PETROLEUM12,1982-06-01T00:00:00-03:00,1,6,1982,32.66
1982-07-01,IFS12_PETROLEUM12,1982-07-01T00:00:00-03:00,1,7,1982,31.49
1982-08-01,IFS12_PETROLEUM12,1982-08-01T00:00:00-03:00,1,8,1982,31.05
1982-09-01,IFS12_PETROLEUM12,1982-09-01T00:00:00-03:00,1,9,1982,32.88
1982-10-01,IFS12_PETROLEUM12,1982-10-01T00:00:00-03:00,1,10,1982,33.23
1982-11-01,IFS12_PETROLEUM12,1982-11-01T00:00:00-03:00,1,11,1982,31.48
1982-12-01,IFS12_PETROLEUM12,1982-12-01T00:00:00-02:00,1,12,1982,30.06
1983-01-01,IFS12_PETROLEUM12,1983-01-01T00:00:00-02:00,1,1,1983,30.44
1983-02-01,IFS12_PETROLEUM12,1983-02-01T00:00:00-02:00,1,2,1983,28.91
1983-03-01,IFS12_PETROLEUM12,1983-03-01T00:00:00-03:00,1,3,1983,28.13
1983-04-01,IFS12_PETROLEUM12,1983-04-01T00:00:00-03:00,1,4,1983,29.49
1983-05-01,IFS12_PETROLEUM12,1983-05-01T00:00:00-03:00,1,5,1983,29.16
1983-06-01,IFS12_PETROLEUM12,1983-06-01T00:00:00-03:00,1,6,1983,29.79
1983-07-01,IFS12_PETROLEUM12,1983-07-01T00:00:00-03:00,1,7,1983,30.35
1983-08-01,IFS12_PETROLEUM12,1983-08-01T00:00:00-03:00,1,8,1983,30.55
1983-09-01,IFS12_PETROLEUM12,1983-09-01T00:00:00-03:00,1,9,1983,29.99
1983-10-01,IFS12_PETROLEUM12,1983-10-01T00:00:00-03:00,1,10,1983,29.39
1983-11-01,IFS12_PETROLEUM12,1983-11-01T00:00:00-03:00,1,11,1983,28.92
1983-12-01,IFS12_PETROLEUM12,1983-12-01T00:00:00-02:00,1,12,1983,28.51
1984-01-01,IFS12_PETROLEUM12,1984-01-01T00:00:00-02:00,1,1,1984,28.98
1984-02-01,IFS12_PETROLEUM12,1984-02-01T00:00:00-02:00,1,2,1984,29.17
1984-03-01,IFS12_PETROLEUM12,1984-03-01T00:00:00-03:00,1,3,1984,29.55
1984-04-01,IFS12_PETROLEUM12,1984-04-01T00:00:00-03:00,1,4,1984,29.53
1984-05-01,IFS12_PETROLEUM12,1984-05-01T00:00:00-03:00,1,5,1984,29.42
1984-06-01,IFS12_PETROLEUM12,1984-06-01T00:00:00-03:00,1,6,1984,28.99
1984-07-01,IFS12_PETROLEUM12,1984-07-01T00:00:00-03:00,1,7,1984,27.9
1984-08-01,IFS12_PETROLEUM12,1984-08-01T00:00:00-03:00,1,8,1984,28.19
1984-09-01,IFS12_PETROLEUM12,1984-09-01T00:00:00-03:00,1,9,1984,28.35
1984-10-01,IFS12_PETROLEUM12,1984-10-01T00:00:00-03:00,1,10,1984,28.0
1984-11-01,IFS12_PETROLEUM12,1984-11-01T00:00:00-03:00,1,11,1984,27.59
1984-12-01,IFS12_PETROLEUM12,1984-12-01T00:00:00-02:00,1,12,1984,26.88
1985-01-01,IFS12_PETROLEUM12,1985-01-01T00:00:00-02:00,1,1,1985,26.63
1985-02-01,IFS12_PETROLEUM12,1985-02-01T00:00:00-02:00,1,2,1985,27.56
1985-03-01,IFS12_PETROLEUM12,1985-03-01T00:00:00-03:00,1,3,1985,27.91
1985-04-01,IFS12_PETROLEUM12,1985-04-01T00:00:00-03:00,1,4,1985,27.84
1985-05-01,IFS12_PETROLEUM12,1985-05-01T00:00:00-03:00,1,5,1985,26.66
1985-06-01,IFS12_PETROLEUM12,1985-06-01T00:00:00-03:00,1,6,1985,26.35
1985-07-01,IFS12_PETROLEUM12,1985-07-01T00:00:00-03:00,1,7,1985,26.63
1985-08-01,IFS12_PETROLEUM12,1985-08-01T00:00:00-03:00,1,8,1985,27.13
1985-09-01,IFS12_PETROLEUM12,1985-09-01T00:00:00-03:00,1,9,1985,27.52
1985-10-01,IFS12_PETROLEUM12,1985-10-01T00:00:00-03:00,1,10,1985,28.29
1985-11-01,IFS12_PETROLEUM12,1985-11-01T00:00:00-03:00,1,11,1985,29.18
1985-12-01,IFS12_PETROLEUM12,1985-12-01T00:00:00-02:00,1,12,1985,26.75
1986-01-01,IFS12_PETROLEUM12,1986-01-01T00:00:00-02:00,1,1,1986,22.33
1986-02-01,IFS12_PETROLEUM12,1986-02-01T00:00:00-02:00,1,2,1986,16.38
1986-03-01,IFS12_PETROLEUM12,1986-03-01T00:00:00-03:00,1,3,1986,12.77
1986-04-01,IFS12_PETROLEUM12,1986-04-01T00:00:00-03:00,1,4,1986,11.89
1986-05-01,IFS12_PETROLEUM12,1986-05-01T00:00:00-03:00,1,5,1986,13.49
1986-06-01,IFS12_PETROLEUM12,1986-06-01T00:00:00-03:00,1,6,1986,11.95
1986-07-01,IFS12_PETROLEUM12,1986-07-01T00:00:00-03:00,1,7,1986,9.88
1986-08-01,IFS12_PETROLEUM12,1986-08-01T00:00:00-03:00,1,8,1986,13.42
1986-09-01,IFS12_PETROLEUM12,1986-09-01T00:00:00-03:00,1,9,1986,14.03
1986-10-01,IFS12_PETROLEUM12,1986-10-01T00:00:00-03:00,1,10,1986,14.01
1986-11-01,IFS12_PETROLEUM12,1986-11-01T00:00:00-03:00,1,11,1986,14.47
1986-12-01,IFS12_PETROLEUM12,1986-12-01T00:00:00-02:00,1,12,1986,15.44
1987-01-01,IFS12_PETROLEUM12,1987-01-01T00:00:00-02:00,1,1,1987,18.1
1987-02-01,IFS12_PETROLEUM12,1987-02-01T00:00:00-02:00,1,2,1987,17.28
1987-03-01,IFS12_PETROLEUM12,1987-03-01T00:00:00-03:00,1,3,1987,17.74
1987-04-01,IFS12_PETROLEUM12,1987-04-01T00:00:00-03:00,1,4,1987,18.05
1987-05-01,IFS12_PETROLEUM12,1987-05-01T00:00:00-03:00,1,5,1987,18.41
1987-06-01,IFS12_PETROLEUM12,1987-06-01T00:00:00-03:00,1,6,1987,18.71
1987-07-01,IFS12_PETROLEUM12,1987-07-01T00:00:00-03:00,1,7,1987,19.62
1987-08-01,IFS12_PETROLEUM12,1987-08-01T00:00:00-03:00,1,8,1987,18.88
1987-09-01,IFS12_PETROLEUM12,1987-09-01T00:00:00-03:00,1,9,1987,18.32
1987-10-01,IFS12_PETROLEUM12,1987-10-01T00:00:00-03:00,1,10,1987,18.63
1987-11-01,IFS12_PETROLEUM12,1987-11-01T00:00:00-03:00,1,11,1987,17.87
1987-12-01,IFS12_PETROLEUM12,1987-12-01T00:00:00-02:00,1,12,1987,16.77
1988-01-01,IFS12_PETROLEUM12,1988-01-01T00:00:00-02:00,1,1,1988,16.5
1988-02-01,IFS12_PETROLEUM12,1988-02-01T00:00:00-02:00,1,2,1988,15.9
1988-03-01,IFS12_PETROLEUM12,1988-03-01T00:00:00-03:00,1,3,1988,14.86
1988-04-01,IFS12_PETROLEUM12,1988-04-01T00:00:00-03:00,1,4,1988,16.42
1988-05-01,IFS12_PETROLEUM12,1988-05-01T00:00:00-03:00,1,5,1988,16.36
1988-06-01,IFS12_PETROLEUM12,1988-06-01T00:00:00-03:00,1,6,1988,15.49
1988-07-01,IFS12_PETROLEUM12,1988-07-01T00:00:00-03:00,1,7,1988,14.47
1988-08-01,IFS12_PETROLEUM12,1988-08-01T00:00:00-03:00,1,8,1988,14.57
1988-09-01,IFS12_PETROLEUM12,1988-09-01T00:00:00-03:00,1,9,1988,13.22
1988-10-01,IFS12_PETROLEUM12,1988-10-01T00:00:00-03:00,1,10,1988,12.23
1988-11-01,IFS12_PETROLEUM12,1988-11-01T00:00:00-03:00,1,11,1988,12.53
1988-12-01,IFS12_PETROLEUM12,1988-12-01T00:00:00-02:00,1,12,1988,14.68
1989-01-01,IFS12_PETROLEUM12,1989-01-01T00:00:00-02:00,1,1,1989,16.45
1989-02-01,IFS12_PETROLEUM12,1989-02-01T00:00:00-02:00,1,2,1989,16.52
1989-03-01,IFS12_PETROLEUM12,1989-03-01T00:00:00-03:00,1,3,1989,18.1
1989-04-01,IFS12_PETROLEUM12,1989-04-01T00:00:00-03:00,1,4,1989,19.39
1989-05-01,IFS12_PETROLEUM12,1989-05-01T00:00:00-03:00,1,5,1989,18.22
1989-06-01,IFS12_PETROLEUM12,1989-06-01T00:00:00-03:00,1,6,1989,17.8
1989-07-01,IFS12_PETROLEUM12,1989-07-01T00:00:00-03:00,1,7,1989,17.67
1989-08-01,IFS12_PETROLEUM12,1989-08-01T00:00:00-03:00,1,8,1989,16.87
1989-09-01,IFS12_PETROLEUM12,1989-09-01T00:00:00-03:00,1,9,1989,17.69
1989-10-01,IFS12_PETROLEUM12,1989-10-01T00:00:00-03:00,1,10,1989,18.41
1989-11-01,IFS12_PETROLEUM12,1989-11-01T00:00:00-03:00,1,11,1989,18.38
1989-12-01,IFS12_PETROLEUM12,1989-12-01T00:00:00-02:00,1,12,1989,19.37
1990-01-01,IFS12_PETROLEUM12,1990-01-01T00:00:00-02:00,1,1,1990,20.3650724637681
1990-02-01,IFS12_PETROLEUM12,1990-02-01T00:00:00-02:00,1,2,1990,19.5288333333333
1990-03-01,IFS12_PETROLEUM12,1990-03-01T00:00:00-03:00,1,3,1990,18.2207575757576
1990-04-01,IFS12_PETROLEUM12,1990-04-01T00:00:00-03:00,1,4,1990,16.5677777777778
1990-05-01,IFS12_PETROLEUM12,1990-05-01T00:00:00-03:00,1,5,1990,16.5875362318841
1990-06-01,IFS12_PETROLEUM12,1990-06-01T00:00:00-03:00,1,6,1990,15.1755555555556
1990-07-01,IFS12_PETROLEUM12,1990-07-01T00:00:00-03:00,1,7,1990,17.1368181818182
1990-08-01,IFS12_PETROLEUM12,1990-08-01T00:00:00-03:00,1,8,1990,26.395652173913
1990-09-01,IFS12_PETROLEUM12,1990-09-01T00:00:00-03:00,1,9,1990,32.8563333333333
1990-10-01,IFS12_PETROLEUM12,1990-10-01T00:00:00-03:00,1,10,1990,34.6708695652174
1990-11-01,IFS12_PETROLEUM12,1990-11-01T00:00:00-03:00,1,11,1990,31.1451515151515
1990-12-01,IFS12_PETROLEUM12,1990-12-01T00:00:00-02:00,1,12,1990,26.0865079365079
1991-01-01,IFS12_PETROLEUM12,1991-01-01T00:00:00-02:00,1,1,1991,22.8597101449275
1991-02-01,IFS12_PETROLEUM12,1991-02-01T00:00:00-02:00,1,2,1991,18.1585
1991-03-01,IFS12_PETROLEUM12,1991-03-01T00:00:00-03:00,1,3,1991,18.1460317460317
1991-04-01,IFS12_PETROLEUM12,1991-04-01T00:00:00-03:00,1,4,1991,18.5089393939394
1991-05-01,IFS12_PETROLEUM12,1991-05-01T00:00:00-03:00,1,5,1991,18.8091304347826
1991-06-01,IFS12_PETROLEUM12,1991-06-01T00:00:00-03:00,1,6,1991,17.926
1991-07-01,IFS12_PETROLEUM12,1991-07-01T00:00:00-03:00,1,7,1991,19.0317391304348
1991-08-01,IFS12_PETROLEUM12,1991-08-01T00:00:00-03:00,1,8,1991,19.360303030303
1991-09-01,IFS12_PETROLEUM12,1991-09-01T00:00:00-03:00,1,9,1991,20.0730158730159
1991-10-01,IFS12_PETROLEUM12,1991-10-01T00:00:00-03:00,1,10,1991,21.4460869565217
1991-11-01,IFS12_PETROLEUM12,1991-11-01T00:00:00-03:00,1,11,1991,20.6225396825397
1991-12-01,IFS12_PETROLEUM12,1991-12-01T00:00:00-02:00,1,12,1991,17.6768181818182
1992-01-01,IFS12_PETROLEUM12,1992-01-01T00:00:00-02:00,1,1,1992,17.3942028985507
1992-02-01,IFS12_PETROLEUM12,1992-02-01T00:00:00-02:00,1,2,1992,17.6346666666667
1992-03-01,IFS12_PETROLEUM12,1992-03-01T00:00:00-03:00,1,3,1992,17.4483333333333
1992-04-01,IFS12_PETROLEUM12,1992-04-01T00:00:00-03:00,1,4,1992,18.6327272727273
1992-05-01,IFS12_PETROLEUM12,1992-05-01T00:00:00-03:00,1,5,1992,19.522380952381
1992-06-01,IFS12_PETROLEUM12,1992-06-01T00:00:00-03:00,1,6,1992,20.8683333333333
1992-07-01,IFS12_PETROLEUM12,1992-07-01T00:00:00-03:00,1,7,1992,20.1930434782609
1992-08-01,IFS12_PETROLEUM12,1992-08-01T00:00:00-03:00,1,8,1992,19.6553968253968
1992-09-01,IFS12_PETROLEUM12,1992-09-01T00:00:00-03:00,1,9,1992,20.1871212121212
1992-10-01,IFS12_PETROLEUM12,1992-10-01T00:00:00-03:00,1,10,1992,20.0518181818182
1992-11-01,IFS12_PETROLEUM12,1992-11-01T00:00:00-03:00,1,11,1992,18.8955555555556
1992-12-01,IFS12_PETROLEUM12,1992-12-01T00:00:00-02:00,1,12,1992,17.9824637681159
1993-01-01,IFS12_PETROLEUM12,1993-01-01T00:00:00-02:00,1,1,1993,17.3074603174603
1993-02-01,IFS12_PETROLEUM12,1993-02-01T00:00:00-02:00,1,2,1993,18.1913333333333
1993-03-01,IFS12_PETROLEUM12,1993-03-01T00:00:00-03:00,1,3,1993,18.4976811594203
1993-04-01,IFS12_PETROLEUM12,1993-04-01T00:00:00-03:00,1,4,1993,18.485
1993-05-01,IFS12_PETROLEUM12,1993-05-01T00:00:00-03:00,1,5,1993,18.228253968254
1993-06-01,IFS12_PETROLEUM12,1993-06-01T00:00:00-03:00,1,6,1993,17.4656060606061
1993-07-01,IFS12_PETROLEUM12,1993-07-01T00:00:00-03:00,1,7,1993,16.3
1993-08-01,IFS12_PETROLEUM12,1993-08-01T00:00:00-03:00,1,8,1993,16.4940909090909
1993-09-01,IFS12_PETROLEUM12,1993-09-01T00:00:00-03:00,1,9,1993,15.9334848484848
1993-10-01,IFS12_PETROLEUM12,1993-10-01T00:00:00-03:00,1,10,1993,16.5220634920635
1993-11-01,IFS12_PETROLEUM12,1993-11-01T00:00:00-03:00,1,11,1993,15.24
1993-12-01,IFS12_PETROLEUM12,1993-12-01T00:00:00-02:00,1,12,1993,13.4282608695652
1994-01-01,IFS12_PETROLEUM12,1994-01-01T00:00:00-02:00,1,1,1994,14.1225396825397
1994-02-01,IFS12_PETROLEUM12,1994-02-01T00:00:00-02:00,1,2,1994,13.7625
1994-03-01,IFS12_PETROLEUM12,1994-03-01T00:00:00-03:00,1,3,1994,13.4998550724638
1994-04-01,IFS12_PETROLEUM12,1994-04-01T00:00:00-03:00,1,4,1994,15.0646031746032
1994-05-01,IFS12_PETROLEUM12,1994-05-01T00:00:00-03:00,1,5,1994,16.3480303030303
1994-06-01,IFS12_PETROLEUM12,1994-06-01T00:00:00-03:00,1,6,1994,17.2689393939394
1994-07-01,IFS12_PETROLEUM12,1994-07-01T00:00:00-03:00,1,7,1994,18.0465079365079
1994-08-01,IFS12_PETROLEUM12,1994-08-01T00:00:00-03:00,1,8,1994,17.0744927536232
1994-09-01,IFS12_PETROLEUM12,1994-09-01T00:00:00-03:00,1,9,1994,16.2433333333333
1994-10-01,IFS12_PETROLEUM12,1994-10-01T00:00:00-03:00,1,10,1994,16.5260317460317
1994-11-01,IFS12_PETROLEUM12,1994-11-01T00:00:00-03:00,1,11,1994,17.14
1994-12-01,IFS12_PETROLEUM12,1994-12-01T00:00:00-02:00,1,12,1994,16.2343939393939
1995-01-01,IFS12_PETROLEUM12,1995-01-01T00:00:00-02:00,1,1,1995,16.8804545454545
1995-02-01,IFS12_PETROLEUM12,1995-02-01T00:00:00-02:00,1,2,1995,17.4553333333333
1995-03-01,IFS12_PETROLEUM12,1995-03-01T00:00:00-03:00,1,3,1995,17.3682608695652
1995-04-01,IFS12_PETROLEUM12,1995-04-01T00:00:00-03:00,1,4,1995,18.6558333333333
1995-05-01,IFS12_PETROLEUM12,1995-05-01T00:00:00-03:00,1,5,1995,18.5549275362319
1995-06-01,IFS12_PETROLEUM12,1995-06-01T00:00:00-03:00,1,6,1995,17.320303030303
1995-07-01,IFS12_PETROLEUM12,1995-07-01T00:00:00-03:00,1,7,1995,16.1553968253968
1995-08-01,IFS12_PETROLEUM12,1995-08-01T00:00:00-03:00,1,8,1995,16.5653623188406
1995-09-01,IFS12_PETROLEUM12,1995-09-01T00:00:00-03:00,1,9,1995,16.8136507936508
1995-10-01,IFS12_PETROLEUM12,1995-10-01T00:00:00-03:00,1,10,1995,16.1681818181818
1995-11-01,IFS12_PETROLEUM12,1995-11-01T00:00:00-03:00,1,11,1995,16.875303030303
1995-12-01,IFS12_PETROLEUM12,1995-12-01T00:00:00-02:00,1,12,1995,18.151746031746
1996-01-01,IFS12_PETROLEUM12,1996-01-01T00:00:00-02:00,1,1,1996,17.9171014492754
1996-02-01,IFS12_PETROLEUM12,1996-02-01T00:00:00-02:00,1,2,1996,17.6425396825397
1996-03-01,IFS12_PETROLEUM12,1996-03-01T00:00:00-03:00,1,3,1996,19.3701587301587
1996-04-01,IFS12_PETROLEUM12,1996-04-01T00:00:00-03:00,1,4,1996,20.7963636363636
1996-05-01,IFS12_PETROLEUM12,1996-05-01T00:00:00-03:00,1,5,1996,19.168115942029
1996-06-01,IFS12_PETROLEUM12,1996-06-01T00:00:00-03:00,1,6,1996,18.7768333333333
1996-07-01,IFS12_PETROLEUM12,1996-07-01T00:00:00-03:00,1,7,1996,19.581884057971
1996-08-01,IFS12_PETROLEUM12,1996-08-01T00:00:00-03:00,1,8,1996,20.3793939393939
1996-09-01,IFS12_PETROLEUM12,1996-09-01T00:00:00-03:00,1,9,1996,22.4190476190476
1996-10-01,IFS12_PETROLEUM12,1996-10-01T00:00:00-03:00,1,10,1996,23.6026086956522
1996-11-01,IFS12_PETROLEUM12,1996-11-01T00:00:00-03:00,1,11,1996,22.5850793650794
1996-12-01,IFS12_PETROLEUM12,1996-12-01T00:00:00-02:00,1,12,1996,23.7062121212121
1997-01-01,IFS12_PETROLEUM12,1997-01-01T00:00:00-02:00,1,1,1997,23.4063768115942
1997-02-01,IFS12_PETROLEUM12,1997-02-01T00:00:00-02:00,1,2,1997,20.6748333333333
1997-03-01,IFS12_PETROLEUM12,1997-03-01T00:00:00-03:00,1,3,1997,19.5687301587302
1997-04-01,IFS12_PETROLEUM12,1997-04-01T00:00:00-03:00,1,4,1997,18.0840909090909
1997-05-01,IFS12_PETROLEUM12,1997-05-01T00:00:00-03:00,1,5,1997,19.5277272727273
1997-06-01,IFS12_PETROLEUM12,1997-06-01T00:00:00-03:00,1,6,1997,18.0760317460317
1997-07-01,IFS12_PETROLEUM12,1997-07-01T00:00:00-03:00,1,7,1997,18.4884057971014
1997-08-01,IFS12_PETROLEUM12,1997-08-01T00:00:00-03:00,1,8,1997,18.8103174603175
1997-09-01,IFS12_PETROLEUM12,1997-09-01T00:00:00-03:00,1,9,1997,18.775303030303
1997-10-01,IFS12_PETROLEUM12,1997-10-01T00:00:00-03:00,1,10,1997,20.1531884057971
1997-11-01,IFS12_PETROLEUM12,1997-11-01T00:00:00-03:00,1,11,1997,19.2963333333333
1997-12-01,IFS12_PETROLEUM12,1997-12-01T00:00:00-02:00,1,12,1997,17.3594202898551
1998-01-01,IFS12_PETROLEUM12,1998-01-01T00:00:00-02:00,1,1,1998,15.3201515151515
1998-02-01,IFS12_PETROLEUM12,1998-02-01T00:00:00-02:00,1,2,1998,14.2878333333333
1998-03-01,IFS12_PETROLEUM12,1998-03-01T00:00:00-03:00,1,3,1998,13.3310606060606
1998-04-01,IFS12_PETROLEUM12,1998-04-01T00:00:00-03:00,1,4,1998,13.7631818181818
1998-05-01,IFS12_PETROLEUM12,1998-05-01T00:00:00-03:00,1,5,1998,14.0374603174603
1998-06-01,IFS12_PETROLEUM12,1998-06-01T00:00:00-03:00,1,6,1998,12.8769696969697
1998-07-01,IFS12_PETROLEUM12,1998-07-01T00:00:00-03:00,1,7,1998,12.8878260869565
1998-08-01,IFS12_PETROLEUM12,1998-08-01T00:00:00-03:00,1,8,1998,12.5739682539683
1998-09-01,IFS12_PETROLEUM12,1998-09-01T00:00:00-03:00,1,9,1998,13.8795454545455
1998-10-01,IFS12_PETROLEUM12,1998-10-01T00:00:00-03:00,1,10,1998,13.3660606060606
1998-11-01,IFS12_PETROLEUM12,1998-11-01T00:00:00-03:00,1,11,1998,11.994126984127
1998-12-01,IFS12_PETROLEUM12,1998-12-01T00:00:00-02:00,1,12,1998,10.5107246376812
1999-01-01,IFS12_PETROLEUM12,1999-01-01T00:00:00-02:00,1,1,1999,11.461746031746
1999-02-01,IFS12_PETROLEUM12,1999-02-01T00:00:00-02:00,1,2,1999,10.838
1999-03-01,IFS12_PETROLEUM12,1999-03-01T00:00:00-03:00,1,3,1999,13.3031884057971
1999-04-01,IFS12_PETROLEUM12,1999-04-01T00:00:00-03:00,1,4,1999,15.8992424242424
1999-05-01,IFS12_PETROLEUM12,1999-05-01T00:00:00-03:00,1,5,1999,16.2414285714286
1999-06-01,IFS12_PETROLEUM12,1999-06-01T00:00:00-03:00,1,6,1999,16.5324242424242
1999-07-01,IFS12_PETROLEUM12,1999-07-01T00:00:00-03:00,1,7,1999,18.9716666666667
1999-08-01,IFS12_PETROLEUM12,1999-08-01T00:00:00-03:00,1,8,1999,20.4121212121212
1999-09-01,IFS12_PETROLEUM12,1999-09-01T00:00:00-03:00,1,9,1999,22.9959090909091
1999-10-01,IFS12_PETROLEUM12,1999-10-01T00:00:00-03:00,1,10,1999,22.0461904761905
1999-11-01,IFS12_PETROLEUM12,1999-11-01T00:00:00-03:00,1,11,1999,24.3395454545455
1999-12-01,IFS12_PETROLEUM12,1999-12-01T00:00:00-02:00,1,12,1999,25.1095652173913
2000-01-01,IFS12_PETROLEUM12,2000-01-01T00:00:00-02:00,1,1,2000,25.4057142857143
2000-02-01,IFS12_PETROLEUM12,2000-02-01T00:00:00-02:00,1,2,2000,27.3709523809524
2000-03-01,IFS12_PETROLEUM12,2000-03-01T00:00:00-03:00,1,3,2000,27.4944927536232
2000-04-01,IFS12_PETROLEUM12,2000-04-01T00:00:00-03:00,1,4,2000,23.767
2000-05-01,IFS12_PETROLEUM12,2000-05-01T00:00:00-03:00,1,5,2000,27.4242028985507
2000-06-01,IFS12_PETROLEUM12,2000-06-01T00:00:00-03:00,1,6,2000,29.8315151515151
2000-07-01,IFS12_PETROLEUM12,2000-07-01T00:00:00-03:00,1,7,2000,28.3385714285714
2000-08-01,IFS12_PETROLEUM12,2000-08-01T00:00:00-03:00,1,8,2000,30.0063768115942
2000-09-01,IFS12_PETROLEUM12,2000-09-01T00:00:00-03:00,1,9,2000,32.4385714285714
2000-10-01,IFS12_PETROLEUM12,2000-10-01T00:00:00-03:00,1,10,2000,31.6495454545455
2000-11-01,IFS12_PETROLEUM12,2000-11-01T00:00:00-03:00,1,11,2000,32.6065151515152
2000-12-01,IFS12_PETROLEUM12,2000-12-01T00:00:00-02:00,1,12,2000,25.3185714285714
2001-01-01,IFS12_PETROLEUM12,2001-01-01T00:00:00-02:00,1,1,2001,25.9588405797101
2001-02-01,IFS12_PETROLEUM12,2001-02-01T00:00:00-02:00,1,2,2001,27.4313333333333
2001-03-01,IFS12_PETROLEUM12,2001-03-01T00:00:00-03:00,1,3,2001,25.2842424242424
2001-04-01,IFS12_PETROLEUM12,2001-04-01T00:00:00-03:00,1,4,2001,25.9063492063492
2001-05-01,IFS12_PETROLEUM12,2001-05-01T00:00:00-03:00,1,5,2001,27.4902898550725
2001-06-01,IFS12_PETROLEUM12,2001-06-01T00:00:00-03:00,1,6,2001,27.1090476190476
2001-07-01,IFS12_PETROLEUM12,2001-07-01T00:00:00-03:00,1,7,2001,24.9436363636364
2001-08-01,IFS12_PETROLEUM12,2001-08-01T00:00:00-03:00,1,8,2001,25.9221739130435
2001-09-01,IFS12_PETROLEUM12,2001-09-01T00:00:00-03:00,1,9,2001,25.4288333333333
2001-10-01,IFS12_PETROLEUM12,2001-10-01T00:00:00-03:00,1,10,2001,21.0566666666667
2001-11-01,IFS12_PETROLEUM12,2001-11-01T00:00:00-03:00,1,11,2001,18.7287878787879
2001-12-01,IFS12_PETROLEUM12,2001-12-01T00:00:00-02:00,1,12,2001,18.6146031746032
2002-01-01,IFS12_PETROLEUM12,2002-01-01T00:00:00-02:00,1,1,2002,19.3305797101449
2002-02-01,IFS12_PETROLEUM12,2002-02-01T00:00:00-02:00,1,2,2002,20.1581666666667
2002-03-01,IFS12_PETROLEUM12,2002-03-01T00:00:00-03:00,1,3,2002,23.8266666666667
2002-04-01,IFS12_PETROLEUM12,2002-04-01T00:00:00-03:00,1,4,2002,25.5107575757576
2002-05-01,IFS12_PETROLEUM12,2002-05-01T00:00:00-03:00,1,5,2002,25.7197101449275
2002-06-01,IFS12_PETROLEUM12,2002-06-01T00:00:00-03:00,1,6,2002,24.5733333333333
2002-07-01,IFS12_PETROLEUM12,2002-07-01T00:00:00-03:00,1,7,2002,25.7604347826087
2002-08-01,IFS12_PETROLEUM12,2002-08-01T00:00:00-03:00,1,8,2002,26.7407575757576
2002-09-01,IFS12_PETROLEUM12,2002-09-01T00:00:00-03:00,1,9,2002,28.324126984127
2002-10-01,IFS12_PETROLEUM12,2002-10-01T00:00:00-03:00,1,10,2002,27.4482608695652
2002-11-01,IFS12_PETROLEUM12,2002-11-01T00:00:00-03:00,1,11,2002,24.6504761904762
2002-12-01,IFS12_PETROLEUM12,2002-12-01T00:00:00-02:00,1,12,2002,27.9630303030303
2003-01-01,IFS12_PETROLEUM12,2003-01-01T00:00:00-02:00,1,1,2003,30.5339130434783
2003-02-01,IFS12_PETROLEUM12,2003-02-01T00:00:00-02:00,1,2,2003,32.926
2003-03-01,IFS12_PETROLEUM12,2003-03-01T00:00:00-03:00,1,3,2003,30.3028571428571
2003-04-01,IFS12_PETROLEUM12,2003-04-01T00:00:00-03:00,1,4,2003,25.650303030303
2003-05-01,IFS12_PETROLEUM12,2003-05-01T00:00:00-03:00,1,5,2003,26.0851515151515
2003-06-01,IFS12_PETROLEUM12,2003-06-01T00:00:00-03:00,1,6,2003,27.9868253968254
2003-07-01,IFS12_PETROLEUM12,2003-07-01T00:00:00-03:00,1,7,2003,28.6617391304348
2003-08-01,IFS12_PETROLEUM12,2003-08-01T00:00:00-03:00,1,8,2003,29.7274603174603
2003-09-01,IFS12_PETROLEUM12,2003-09-01T00:00:00-03:00,1,9,2003,26.9327272727273
2003-10-01,IFS12_PETROLEUM12,2003-10-01T00:00:00-03:00,1,10,2003,29.0202898550725
2003-11-01,IFS12_PETROLEUM12,2003-11-01T00:00:00-03:00,1,11,2003,29.1051666666667
2003-12-01,IFS12_PETROLEUM12,2003-12-01T00:00:00-02:00,1,12,2003,29.9747826086957
2004-01-01,IFS12_PETROLEUM12,2004-01-01T00:00:00-02:00,1,1,2004,31.3966666666667
2004-02-01,IFS12_PETROLEUM12,2004-02-01T00:00:00-02:00,1,2,2004,31.4503333333333
2004-03-01,IFS12_PETROLEUM12,2004-03-01T00:00:00-03:00,1,3,2004,33.5805797101449
2004-04-01,IFS12_PETROLEUM12,2004-04-01T00:00:00-03:00,1,4,2004,33.9036363636364
2004-05-01,IFS12_PETROLEUM12,2004-05-01T00:00:00-03:00,1,5,2004,37.537619047619
2004-06-01,IFS12_PETROLEUM12,2004-06-01T00:00:00-03:00,1,6,2004,35.6825757575758
2004-07-01,IFS12_PETROLEUM12,2004-07-01T00:00:00-03:00,1,7,2004,37.985303030303
2004-08-01,IFS12_PETROLEUM12,2004-08-01T00:00:00-03:00,1,8,2004,41.9243939393939
2004-09-01,IFS12_PETROLEUM12,2004-09-01T00:00:00-03:00,1,9,2004,41.7195454545455
2004-10-01,IFS12_PETROLEUM12,2004-10-01T00:00:00-03:00,1,10,2004,47.0393650793651
2004-11-01,IFS12_PETROLEUM12,2004-11-01T00:00:00-03:00,1,11,2004,42.3331818181818
2004-12-01,IFS12_PETROLEUM12,2004-12-01T00:00:00-02:00,1,12,2004,39.1273913043478
2005-01-01,IFS12_PETROLEUM12,2005-01-01T00:00:00-02:00,1,1,2005,43.1622222222222
2005-02-01,IFS12_PETROLEUM12,2005-02-01T00:00:00-02:00,1,2,2005,44.4615
2005-03-01,IFS12_PETROLEUM12,2005-03-01T00:00:00-03:00,1,3,2005,51.1326086956522
2005-04-01,IFS12_PETROLEUM12,2005-04-01T00:00:00-03:00,1,4,2005,50.9123809523809
2005-05-01,IFS12_PETROLEUM12,2005-05-01T00:00:00-03:00,1,5,2005,48.0939393939394
2005-06-01,IFS12_PETROLEUM12,2005-06-01T00:00:00-03:00,1,6,2005,54.0812121212121
2005-07-01,IFS12_PETROLEUM12,2005-07-01T00:00:00-03:00,1,7,2005,56.4366666666667
2005-08-01,IFS12_PETROLEUM12,2005-08-01T00:00:00-03:00,1,8,2005,61.9178260869565
2005-09-01,IFS12_PETROLEUM12,2005-09-01T00:00:00-03:00,1,9,2005,61.9492424242424
2005-10-01,IFS12_PETROLEUM12,2005-10-01T00:00:00-03:00,1,10,2005,58.2873015873016
2005-11-01,IFS12_PETROLEUM12,2005-11-01T00:00:00-02:00,1,11,2005,55.0530303030303
2005-12-01,IFS12_PETROLEUM12,2005-12-01T00:00:00-02:00,1,12,2005,56.5877272727273
2006-01-01,IFS12_PETROLEUM12,2006-01-01T00:00:00-02:00,1,1,2006,62.3357575757576
2006-02-01,IFS12_PETROLEUM12,2006-02-01T00:00:00-02:00,1,2,2006,59.8955
2006-03-01,IFS12_PETROLEUM12,2006-03-01T00:00:00-03:00,1,3,2006,61.3639130434783
2006-04-01,IFS12_PETROLEUM12,2006-04-01T00:00:00-03:00,1,4,2006,68.1836666666667
2006-05-01,IFS12_PETROLEUM12,2006-05-01T00:00:00-03:00,1,5,2006,68.9234782608696
2006-06-01,IFS12_PETROLEUM12,2006-06-01T00:00:00-03:00,1,6,2006,68.4516666666667
2006-07-01,IFS12_PETROLEUM12,2006-07-01T00:00:00-03:00,1,7,2006,72.4720634920635
2006-08-01,IFS12_PETROLEUM12,2006-08-01T00:00:00-03:00,1,8,2006,71.7657971014493
2006-09-01,IFS12_PETROLEUM12,2006-09-01T00:00:00-03:00,1,9,2006,62.0855555555556
2006-10-01,IFS12_PETROLEUM12,2006-10-01T00:00:00-03:00,1,10,2006,57.9927272727273
2006-11-01,IFS12_PETROLEUM12,2006-11-01T00:00:00-03:00,1,11,2006,58.4468181818182
2006-12-01,IFS12_PETROLEUM12,2006-12-01T00:00:00-02:00,1,12,2006,60.9012698412698
2007-01-01,IFS12_PETROLEUM12,2007-01-01T00:00:00-02:00,1,1,2007,53.7071014492754
2007-02-01,IFS12_PETROLEUM12,2007-02-01T00:00:00-02:00,1,2,2007,57.7058333333333
2007-03-01,IFS12_PETROLEUM12,2007-03-01T00:00:00-03:00,1,3,2007,60.6425757575758
2007-04-01,IFS12_PETROLEUM12,2007-04-01T00:00:00-03:00,1,4,2007,65.1785714285714
2007-05-01,IFS12_PETROLEUM12,2007-05-01T00:00:00-03:00,1,5,2007,65.2365217391304
2007-06-01,IFS12_PETROLEUM12,2007-06-01T00:00:00-03:00,1,6,2007,68.1009523809524
2007-07-01,IFS12_PETROLEUM12,2007-07-01T00:00:00-03:00,1,7,2007,73.434696969697
2007-08-01,IFS12_PETROLEUM12,2007-08-01T00:00:00-03:00,1,8,2007,70.348115942029
2007-09-01,IFS12_PETROLEUM12,2007-09-01T00:00:00-03:00,1,9,2007,76.6166666666667
2007-10-01,IFS12_PETROLEUM12,2007-10-01T00:00:00-03:00,1,10,2007,82.1246376811594
2007-11-01,IFS12_PETROLEUM12,2007-11-01T00:00:00-02:00,1,11,2007,91.3237878787879
2007-12-01,IFS12_PETROLEUM12,2007-12-01T00:00:00-02:00,1,12,2007,89.8509523809524
2008-01-01,IFS12_PETROLEUM12,2008-01-01T00:00:00-02:00,1,1,2008,90.7656521739131
2008-02-01,IFS12_PETROLEUM12,2008-02-01T00:00:00-02:00,1,2,2008,93.3830158730159
2008-03-01,IFS12_PETROLEUM12,2008-03-01T00:00:00-03:00,1,3,2008,101.679841269841
2008-04-01,IFS12_PETROLEUM12,2008-04-01T00:00:00-03:00,1,4,2008,108.744090909091
2008-05-01,IFS12_PETROLEUM12,2008-05-01T00:00:00-03:00,1,5,2008,122.949848484848
2008-06-01,IFS12_PETROLEUM12,2008-06-01T00:00:00-03:00,1,6,2008,131.634761904762
2008-07-01,IFS12_PETROLEUM12,2008-07-01T00:00:00-03:00,1,7,2008,132.542028985507
2008-08-01,IFS12_PETROLEUM12,2008-08-01T00:00:00-03:00,1,8,2008,114.372222222222
2008-09-01,IFS12_PETROLEUM12,2008-09-01T00:00:00-03:00,1,9,2008,99.8251515151515
2008-10-01,IFS12_PETROLEUM12,2008-10-01T00:00:00-03:00,1,10,2008,71.9278260869565
2008-11-01,IFS12_PETROLEUM12,2008-11-01T00:00:00-02:00,1,11,2008,53.1925
2008-12-01,IFS12_PETROLEUM12,2008-12-01T00:00:00-02:00,1,12,2008,40.191884057971
2009-01-01,IFS12_PETROLEUM12,2009-01-01T00:00:00-02:00,1,1,2009,42.8507575757576
2009-02-01,IFS12_PETROLEUM12,2009-02-01T00:00:00-02:00,1,2,2009,41.373
2009-03-01,IFS12_PETROLEUM12,2009-03-01T00:00:00-03:00,1,3,2009,46.4340909090909
2009-04-01,IFS12_PETROLEUM12,2009-04-01T00:00:00-03:00,1,4,2009,49.7569696969697
2009-05-01,IFS12_PETROLEUM12,2009-05-01T00:00:00-03:00,1,5,2009,58.0304761904762
2009-06-01,IFS12_PETROLEUM12,2009-06-01T00:00:00-03:00,1,6,2009,68.7019696969697
2009-07-01,IFS12_PETROLEUM12,2009-07-01T00:00:00-03:00,1,7,2009,64.8784057971014
2009-08-01,IFS12_PETROLEUM12,2009-08-01T00:00:00-03:00,1,8,2009,71.8039682539683
2009-09-01,IFS12_PETROLEUM12,2009-09-01T00:00:00-03:00,1,9,2009,68.1525757575757
2009-10-01,IFS12_PETROLEUM12,2009-10-01T00:00:00-03:00,1,10,2009,74.0051515151515
2009-11-01,IFS12_PETROLEUM12,2009-11-01T00:00:00-02:00,1,11,2009,77.338253968254
2009-12-01,IFS12_PETROLEUM12,2009-12-01T00:00:00-02:00,1,12,2009,74.6920289855073
2010-01-01,IFS12_PETROLEUM12,2010-01-01T00:00:00-02:00,1,1,2010,77.0961904761905
2010-02-01,IFS12_PETROLEUM12,2010-02-01T00:00:00-02:00,1,2,2010,74.646
2010-03-01,IFS12_PETROLEUM12,2010-03-01T00:00:00-03:00,1,3,2010,79.6394202898551
2010-04-01,IFS12_PETROLEUM12,2010-04-01T00:00:00-03:00,1,4,2010,84.3127272727273
2010-05-01,IFS12_PETROLEUM12,2010-05-01T00:00:00-03:00,1,5,2010,75.3698412698413
2010-06-01,IFS12_PETROLEUM12,2010-06-01T00:00:00-03:00,1,6,2010,74.945
2010-07-01,IFS12_PETROLEUM12,2010-07-01T00:00:00-03:00,1,7,2010,74.8210606060606
2010-08-01,IFS12_PETROLEUM12,2010-08-01T00:00:00-03:00,1,8,2010,76.0151515151515
2010-09-01,IFS12_PETROLEUM12,2010-09-01T00:00:00-03:00,1,9,2010,76.339696969697
2010-10-01,IFS12_PETROLEUM12,2010-10-01T00:00:00-03:00,1,10,2010,81.8942857142857
2010-11-01,IFS12_PETROLEUM12,2010-11-01T00:00:00-02:00,1,11,2010,84.4681818181818
2010-12-01,IFS12_PETROLEUM12,2010-12-01T00:00:00-02:00,1,12,2010,90.186231884058
2011-01-01,IFS12_PETROLEUM12,2011-01-01T00:00:00-02:00,1,1,2011,93.0593650793651
2011-02-01,IFS12_PETROLEUM12,2011-02-01T00:00:00-02:00,1,2,2011,97.7711666666667
2011-03-01,IFS12_PETROLEUM12,2011-03-01T00:00:00-03:00,1,3,2011,108.630144927536
2011-04-01,IFS12_PETROLEUM12,2011-04-01T00:00:00-03:00,1,4,2011,116.430952380952
2011-05-01,IFS12_PETROLEUM12,2011-05-01T00:00:00-03:00,1,5,2011,108.15196969697
2011-06-01,IFS12_PETROLEUM12,2011-06-01T00:00:00-03:00,1,6,2011,106.030151515152
2011-07-01,IFS12_PETROLEUM12,2011-07-01T00:00:00-03:00,1,7,2011,108.502857142857
2011-08-01,IFS12_PETROLEUM12,2011-08-01T00:00:00-03:00,1,8,2011,100.532028985507
2011-09-01,IFS12_PETROLEUM12,2011-09-01T00:00:00-03:00,1,9,2011,100.771212121212
2011-10-01,IFS12_PETROLEUM12,2011-10-01T00:00:00-03:00,1,10,2011,100.153968253968
2011-11-01,IFS12_PETROLEUM12,2011-11-01T00:00:00-02:00,1,11,2011,105.021515151515
2011-12-01,IFS12_PETROLEUM12,2011-12-01T00:00:00-02:00,1,12,2011,103.768484848485
2012-01-01,IFS12_PETROLEUM12,2012-01-01T00:00:00-02:00,1,1,2012,106.707272727273
2012-02-01,IFS12_PETROLEUM12,2012-02-01T00:00:00-02:00,1,2,2012,112.713015873016
2012-03-01,IFS12_PETROLEUM12,2012-03-01T00:00:00-03:00,1,3,2012,117.829696969697
2012-04-01,IFS12_PETROLEUM12,2012-04-01T00:00:00-03:00,1,4,2012,113.764285714286
2012-05-01,IFS12_PETROLEUM12,2012-05-01T00:00:00-03:00,1,5,2012,104.335942028985
2012-06-01,IFS12_PETROLEUM12,2012-06-01T00:00:00-03:00,1,6,2012,90.9092063492063
2012-07-01,IFS12_PETROLEUM12,2012-07-01T00:00:00-03:00,1,7,2012,96.954393939394
2012-08-01,IFS12_PETROLEUM12,2012-08-01T00:00:00-03:00,1,8,2012,105.617826086956
2012-09-01,IFS12_PETROLEUM12,2012-09-01T00:00:00-03:00,1,9,2012,106.399833333333
2012-10-01,IFS12_PETROLEUM12,2012-10-01T00:00:00-03:00,1,10,2012,103.272028985507
2012-11-01,IFS12_PETROLEUM12,2012-11-01T00:00:00-02:00,1,11,2012,101.246060606061
2012-12-01,IFS12_PETROLEUM12,2012-12-01T00:00:00-02:00,1,12,2012,101.409841269841
2013-01-01,IFS12_PETROLEUM12,2013-01-01T00:00:00-02:00,1,1,2013,105.147971014493
2013-02-01,IFS12_PETROLEUM12,2013-02-01T00:00:00-02:00,1,2,2013,107.639666666667
2013-03-01,IFS12_PETROLEUM12,2013-03-01T00:00:00-03:00,1,3,2013,102.829682539683
2013-04-01,IFS12_PETROLEUM12,2013-04-01T00:00:00-03:00,1,4,2013,98.8409090909091
2013-05-01,IFS12_PETROLEUM12,2013-05-01T00:00:00-03:00,1,5,2013,99.4230434782609
2013-06-01,IFS12_PETROLEUM12,2013-06-01T00:00:00-03:00,1,6,2013,99.8378333333334
2013-07-01,IFS12_PETROLEUM12,2013-07-01T00:00:00-03:00,1,7,2013,105.344927536232
2013-08-01,IFS12_PETROLEUM12,2013-08-01T00:00:00-03:00,1,8,2013,108.188333333333
2013-09-01,IFS12_PETROLEUM12,2013-09-01T00:00:00-03:00,1,9,2013,108.810634920635
2013-10-01,IFS12_PETROLEUM12,2013-10-01T00:00:00-03:00,1,10,2013,105.680579710145
2013-11-01,IFS12_PETROLEUM12,2013-11-01T00:00:00-02:00,1,11,2013,102.687142857143
2013-12-01,IFS12_PETROLEUM12,2013-12-01T00:00:00-02:00,1,12,2013,105.631060606061
2014-01-01,IFS12_PETROLEUM12,2014-01-01T00:00:00-02:00,1,1,2014,102.219275362319
2014-02-01,IFS12_PETROLEUM12,2014-02-01T00:00:00-02:00,1,2,2014,104.933833333333
2014-03-01,IFS12_PETROLEUM12,2014-03-01T00:00:00-03:00,1,3,2014,104.260158730159
2014-04-01,IFS12_PETROLEUM12,2014-04-01T00:00:00-03:00,1,4,2014,104.999848484848
2014-05-01,IFS12_PETROLEUM12,2014-05-01T00:00:00-03:00,1,5,2014,105.787575757576
2014-06-01,IFS12_PETROLEUM12,2014-06-01T00:00:00-03:00,1,6,2014,108.547936507937
2014-07-01,IFS12_PETROLEUM12,2014-07-01T00:00:00-03:00,1,7,2014,105.456231884058
2014-08-01,IFS12_PETROLEUM12,2014-08-01T00:00:00-03:00,1,8,2014,100.109047619048
2014-09-01,IFS12_PETROLEUM12,2014-09-01T00:00:00-03:00,1,9,2014,95.8348484848485
2014-10-01,IFS12_PETROLEUM12,2014-10-01T00:00:00-03:00,1,10,2014,86.1228985507246
2014-11-01,IFS12_PETROLEUM12,2014-11-01T00:00:00-02:00,1,11,2014,77.0188333333333
2014-12-01,IFS12_PETROLEUM12,2014-12-01T00:00:00-02:00,1,12,2014,60.6230434782609
2015-01-01,IFS12_PETROLEUM12,2015-01-01T00:00:00-02:00,1,1,2015,47.6609090909091
2015-02-01,IFS12_PETROLEUM12,2015-02-01T00:00:00-02:00,1,2,2015,55.0103333333333
2015-03-01,IFS12_PETROLEUM12,2015-03-01T00:00:00-03:00,1,3,2015,52.8745454545455
2015-04-01,IFS12_PETROLEUM12,2015-04-01T00:00:00-03:00,1,4,2015,57.5462121212121
2015-05-01,IFS12_PETROLEUM12,2015-05-01T00:00:00-03:00,1,5,2015,62.5868253968254
2015-06-01,IFS12_PETROLEUM12,2015-06-01T00:00:00-03:00,1,6,2015,61.415303030303
2015-07-01,IFS12_PETROLEUM12,2015-07-01T00:00:00-03:00,1,7,2015,54.671884057971
2015-08-01,IFS12_PETROLEUM12,2015-08-01T00:00:00-03:00,1,8,2015,46.1425396825397
2015-09-01,IFS12_PETROLEUM12,2015-09-01T00:00:00-03:00,1,9,2015,46.2439393939394
2015-10-01,IFS12_PETROLEUM12,2015-10-01T00:00:00-03:00,1,10,2015,47.0115151515151
2015-11-01,IFS12_PETROLEUM12,2015-11-01T00:00:00-02:00,1,11,2015,43.0925396825397
2015-12-01,IFS12_PETROLEUM12,2015-12-01T00:00:00-02:00,1,12,2015,36.6865217391304
2016-01-01,IFS12_PETROLEUM12,2016-01-01T00:00:00-02:00,1,1,2016,30.4292063492063
2016-02-01,IFS12_PETROLEUM12,2016-02-01T00:00:00-02:00,1,2,2016,31.2709523809524
2016-03-01,IFS12_PETROLEUM12,2016-03-01T00:00:00-03:00,1,3,2016,37.7146376811594
2016-04-01,IFS12_PETROLEUM12,2016-04-01T00:00:00-03:00,1,4,2016,41.2287301587302
2016-05-01,IFS12_PETROLEUM12,2016-05-01T00:00:00-03:00,1,5,2016,46.3089393939394
2016-06-01,IFS12_PETROLEUM12,2016-06-01T00:00:00-03:00,1,6,2016,48.3283333333333
2016-07-01,IFS12_PETROLEUM12,2016-07-01T00:00:00-03:00,1,7,2016,44.6465079365079
2016-08-01,IFS12_PETROLEUM12,2016-08-01T00:00:00-03:00,1,8,2016,45.2576811594203
2016-09-01,IFS12_PETROLEUM12,2016-09-01T00:00:00-03:00,1,9,2016,45.4177272727273
2016-10-01,IFS12_PETROLEUM12,2016-10-01T00:00:00-03:00,1,10,2016,50.0085714285714
2016-11-01,IFS12_PETROLEUM12,2016-11-01T00:00:00-02:00,1,11,2016,45.4842424242424
2016-12-01,IFS12_PETROLEUM12,2016-12-01T00:00:00-02:00,1,12,2016,53.0707575757576
2017-01-01,IFS12_PETROLEUM12,2017-01-01T00:00:00-02:00,1,1,2017,53.9472727272727
2017-02-01,IFS12_PETROLEUM12,2017-02-01T00:00:00-02:00,1,2,2017,54.6136666666667
2017-03-01,IFS12_PETROLEUM12,2017-03-01T00:00:00-03:00,1,3,2017,51.0131884057971
2017-04-01,IFS12_PETROLEUM12,2017-04-01T00:00:00-03:00,1,4,2017,52.5688333333333
2017-05-01,IFS12_PETROLEUM12,2017-05-01T00:00:00-03:00,1,5,2017,50.0227536231884
2017-06-01,IFS12_PETROLEUM12,2017-06-01T00:00:00-03:00,1,6,2017,46.3981818181818
2017-07-01,IFS12_PETROLEUM12,2017-07-01T00:00:00-03:00,1,7,2017,47.875873015873
2017-08-01,IFS12_PETROLEUM12,2017-08-01T00:00:00-03:00,1,8,2017,50.0817391304348
2017-09-01,IFS12_PETROLEUM12,2017-09-01T00:00:00-03:00,1,9,2017,53.0720634920635
2017-10-01,IFS12_PETROLEUM12,2017-10-01T00:00:00-03:00,1,10,2017,54.9613636363636
2017-11-01,IFS12_PETROLEUM12,2017-11-01T00:00:00-02:00,1,11,2017,60.0537878787879
2017-12-01,IFS12_PETROLEUM12,2017-12-01T00:00:00-02:00,1,12,2017,61.1230158730159
2018-01-01,IFS12_PETROLEUM12,2018-01-01T00:00:00-02:00,1,1,2018,66.166231884058
2018-02-01,IFS12_PETROLEUM12,2018-02-01T00:00:00-02:00,1,2,2018,63.5181666666667
2018-03-01,IFS12_PETROLEUM12,2018-03-01T00:00:00-03:00,1,3,2018,64.5465151515152
2018-04-01,IFS12_PETROLEUM12,2018-04-01T00:00:00-03:00,1,4,2018,68.9712698412698
2018-05-01,IFS12_PETROLEUM12,2018-05-01T00:00:00-03:00,1,5,2018,73.6369565217391
2018-06-01,IFS12_PETROLEUM12,2018-06-01T00:00:00-03:00,1,6,2018,72.3301587301587
2018-07-01,IFS12_PETROLEUM12,2018-07-01T00:00:00-03:00,1,7,2018,73.0243939393939
2018-08-01,IFS12_PETROLEUM12,2018-08-01T00:00:00-03:00,1,8,2018,71.4578260869565
2018-09-01,IFS12_PETROLEUM12,2018-09-01T00:00:00-03:00,1,9,2018,75.4261666666667
2018-10-01,IFS12_PETROLEUM12,2018-10-01T00:00:00-03:00,1,10,2018,76.7663768115942
2018-11-01,IFS12_PETROLEUM12,2018-11-01T00:00:00-03:00,1,11,2018,62.3675757575758
2018-12-01,IFS12_PETROLEUM12,2018-12-01T00:00:00-02:00,1,12,2018,54.1787301587301
2019-01-01,IFS12_PETROLEUM12,2019-01-01T00:00:00-02:00,1,1,2019,56.7771014492753
2019-02-01,IFS12_PETROLEUM12,2019-02-01T00:00:00-02:00,1,2,2019,61.3093333333333
2019-03-01,IFS12_PETROLEUM12,2019-03-01T00:00:00-03:00,1,3,2019,64.0215873015873
2019-04-01,IFS12_PETROLEUM12,2019-04-01T00:00:00-03:00,1,4,2019,68.7619696969697
2019-05-01,IFS12_PETROLEUM12,2019-05-01T00:00:00-03:00,1,5,2019,66.5988405797102
2019-06-01,IFS12_PETROLEUM12,2019-06-01T00:00:00-03:00,1,6,2019,59.5965
2019-07-01,IFS12_PETROLEUM12,2019-07-01T00:00:00-03:00,1,7,2019,61.5197101449275
2019-08-01,IFS12_PETROLEUM12,2019-08-01T00:00:00-03:00,1,8,2019,57.6509090909091
2019-09-01,IFS12_PETROLEUM12,2019-09-01T00:00:00-03:00,1,9,2019,60.0490476190476
2019-10-01,IFS12_PETROLEUM12,2019-10-01T00:00:00-03:00,1,10,2019,57.4852173913043
2019-11-01,IFS12_PETROLEUM12,2019-11-01T00:00:00-03:00,1,11,2019,60.1947619047619
2019-12-01,IFS12_PETROLEUM12,2019-12-01T00:00:00-03:00,1,12,2019,63.2230303030303
2020-01-01,IFS12_PETROLEUM12,2020-01-01T00:00:00-03:00,1,1,2020,61.5802898550725
2020-02-01,IFS12_PETROLEUM12,2020-02-01T00:00:00-03:00,1,2,2020,53.4491666666667
2020-03-01,IFS12_PETROLEUM12,2020-03-01T00:00:00-03:00,1,3,2020,32.2589393939394
2020-04-01,IFS12_PETROLEUM12,2020-04-01T00:00:00-03:00,1,4,2020,23.3387878787879
2020-05-01,IFS12_PETROLEUM12,2020-05-01T00:00:00-03:00,1,5,2020,31.2688888888889
2020-06-01,IFS12_PETROLEUM12,2020-06-01T00:00:00-03:00,1,6,2020,39.7478787878788
2020-07-01,IFS12_PETROLEUM12,2020-07-01T00:00:00-03:00,1,7,2020,42.1815942028986
2020-08-01,IFS12_PETROLEUM12,2020-08-01T00:00:00-03:00,1,8,2020,43.7898412698413
2020-09-01,IFS12_PETROLEUM12,2020-09-01T00:00:00-03:00,1,9,2020,40.9660606060606
2020-10-01,IFS12_PETROLEUM12,2020-10-01T00:00:00-03:00,1,10,2020,40.6087878787879
2020-11-01,IFS12_PETROLEUM12,2020-11-01T00:00:00-03:00,1,11,2020,42.9709523809524
2020-12-01,IFS12_PETROLEUM12,2020-12-01T00:00:00-03:00,1,12,2020,49.0247826086957
2021-01-01,IFS12_PETROLEUM12,2021-01-01T00:00:00-03:00,1,1,2021,53.9069841269841
2021-02-01,IFS12_PETROLEUM12,2021-02-01T00:00:00-03:00,1,2,2021,60.9491666666667
2021-03-01,IFS12_PETROLEUM12,2021-03-01T00:00:00-03:00,1,3,2021,64.0892753623188
2021-04-01,IFS12_PETROLEUM12,2021-04-01T00:00:00-03:00,1,4,2021,63.3593939393939
2021-05-01,IFS12_PETROLEUM12,2021-05-01T00:00:00-03:00,1,5,2021,66.6287301587302
2021-06-01,IFS12_PETROLEUM12,2021-06-01T00:00:00-03:00,1,6,2021,72.0645454545455
2021-07-01,IFS12_PETROLEUM12,2021-07-01T00:00:00-03:00,1,7,2021,73.0439393939394
2021-08-01,IFS12_PETROLEUM12,2021-08-01T00:00:00-03:00,1,8,2021,69.0639393939394
2021-09-01,IFS12_PETROLEUM12,2021-09-01T00:00:00-03:00,1,9,2021,73.0142424242424
2021-10-01,IFS12_PETROLEUM12,2021-10-01T00:00:00-03:00,1,10,2021,82.2222222222222
2021-11-01,IFS12_PETROLEUM12,2021-11-01T00:00:00-03:00,1,11,2021,79.5478787878788
2021-12-01,IFS12_PETROLEUM12,2021-12-01T00:00:00-03:00,1,12,2021,73.1094202898551
2022-01-01,IFS12_PETROLEUM12,2022-01-01T00:00:00-03:00,1,1,2022,84.1169841269841
2022-02-01,IFS12_PETROLEUM12,2022-02-01T00:00:00-03:00,1,2,2022,92.4666666666667
2022-03-01,IFS12_PETROLEUM12,2022-03-01T00:00:00-03:00,1,3,2022,109.475652173913
2022-04-01,IFS12_PETROLEUM12,2022-04-01T00:00:00-03:00,1,4,2022,103.632063492063
2022-05-01,IFS12_PETROLEUM12,2022-05-01T00:00:00-03:00,1,5,2022,109.895909090909
2022-06-01,IFS12_PETROLEUM12,2022-06-01T00:00:00-03:00,1,6,2022,114.742727272727
2022-07-01,IFS12_PETROLEUM12,2022-07-01T00:00:00-03:00,1,7,2022,102.496507936508
2022-08-01,IFS12_PETROLEUM12,2022-08-01T00:00:00-03:00,1,8,2022,95.676231884058
2022-09-01,IFS12_PETROLEUM12,2022-09-01T00:00:00-03:00,1,9,2022,88.250303030303
2022-10-01,IFS12_PETROLEUM12,2022-10-01T00:00:00-03:00,1,10,2022,90.74
2022-11-01,IFS12_PETROLEUM12,2022-11-01T00:00:00-03:00,1,11,2022,86.5380303030303
2022-12-01,IFS12_PETROLEUM12,2022-12-01T00:00:00-03:00,1,12,2022,78.3136363636364
2023-01-01,IFS12_PETROLEUM12,2023-01-01T00:00:00-03:00,1,1,2023,81.0793939393939
2023-02-01,IFS12_PETROLEUM12,2023-02-01T00:00:00-03:00,1,2,2023,80.645
2023-03-01,IFS12_PETROLEUM12,2023-03-01T00:00:00-03:00,1,3,2023,76.9585507246377
